"","countrycode","country","year","polity5","democracy","X.1","X","gdppc","enrl_gross","enrl_net","agri","slums","telephone","internet","tax","electricity","mobile","service","oil","natural","literacy","prim_compl","infant","hosp","tub","health_ex","ineq","unemploy","lifeexp","urban","attend","prenatal","military","un_continent_name","un_region_name"
"1","BLR","BELARUS",1991,6,1,1069,1069,3063.600057,96.2190094,NA,15.10000038,NA,16.46977102,0,NA,100,0,22.22222222,0.557718944,0.586622922,NA,94.74938202,12.1,13.20470047,NA,NA,NA,0.6,70.37804878,66.374,NA,NA,NA,"Europe","Eastern Europe"
"2","BLR","BELARUS",1992,6,1,1070,1070,2763.530345,95.89096069,NA,15.43000031,NA,17.17981701,0,20.54347826,100,0,27.17391304,0.596514346,2.194701794,NA,90.12126923,12.2,12.69069958,NA,NA,NA,3.1,70.02195122,66.766,NA,NA,1.62249864791779,"Europe","Eastern Europe"
"3","BLR","BELARUS",1993,6,1,1071,1071,2547.766023,97.53603363,NA,15.52000046,NA,17.90168984,0,26.63959391,100,0.003196803,40.60913706,0.605350845,2.138340989,NA,96.5809021,12.3,12.4762001,NA,NA,NA,8.5,68.97073171,67.155,NA,NA,2.79097146104819,"Europe","Eastern Europe"
"4","BLR","BELARUS",1994,8,0,1072,1072,2252.316991,97.38446045,NA,15.68000031,NA,18.69752266,0.000485951,24.75018266,100,0.017055306,44.41072332,0.604524876,1.865167555,NA,98.47767639,12.4,12.46389961,NA,NA,NA,12.8,68.76829268,67.541,NA,NA,3.62160825483893,"Europe","Eastern Europe"
"5","BLR","BELARUS",1995,0,0,1073,1073,2024.608925,98.24659729,88.16409,15.89000034,NA,19.53276015,0.002921254,19.88764693,100,0.05851587,41.15054817,0.695850375,2.208505477,NA,96.14678192,12.4,12.38000011,NA,NA,NA,17.7,68.46097561,67.926,NA,NA,1.69946376942909,"Europe","Eastern Europe"
"6","BLR","BELARUS",1996,-7,0,1074,1074,2088.263043,98.93180084,NA,15.88000011,NA,21.18470026,0.029298294,18.79977481,100,0.065187614,39.36425857,0.8747556,3.274117947,NA,95.73091125,12.2,12.27000046,NA,NA,NA,24.4,68.51219512,68.308,NA,NA,1.26069255990701,"Europe","Eastern Europe"
"7","BLR","BELARUS",1997,-7,0,1075,1075,2336.212657,99.97601318,NA,15.68999958,NA,23.10428583,0.049020891,20.73459095,100,0.081593351,37.91047624,0.719754805,3.113096831,NA,95.92075348,11.8,12.35999966,NA,NA,NA,17.1,68.46097561,68.687,NA,NA,1.76896655126353,"Europe","Eastern Europe"
"8","BLR","BELARUS",1998,-7,0,1076,1076,2544.5268,102.225441,NA,15.51000023,NA,24.97346285,0.073868897,17.11232894,100,0.121915906,39.5825174,0.170263664,0.746897314,NA,NA,11.3,12.42000008,NA,NA,3.1,14,68.40731707,69.064,NA,NA,1.49509870243434,"Europe","Eastern Europe"
"9","BLR","BELARUS",1999,-7,0,1077,1077,2642.130343,111.3961563,NA,15.38000011,NA,26.58556853,0.494881245,16.67247619,100,0.236355977,40.03573619,0.768344627,1.641158649,99.59072876,98.79434967,10.7,12.64000034,NA,NA,3,12.8,67.90731707,69.482,NA,NA,1.36676073838589,"Europe","Eastern Europe"
"10","BLR","BELARUS",2000,-7,0,1078,1078,2808.574949,113.7167664,NA,15.11999989,NA,27.87690019,1.860398126,16.6247345,100,0.499947729,39.89467691,1.690396349,2.460386396,NA,102.3249207,9.9,12.61,86,5.46676111,3.1,12,68.91219512,69.973,NA,NA,1.34698415075765,"Europe","Eastern Europe"
"11","BLR","BELARUS",2001,-7,0,1079,1079,2956.415305,114.9993134,95.5913,14.72000027,NA,29.17397831,4.300616022,15.75466424,100,1.4098802,44.3475881,1.282838248,2.093694135,NA,106.7331085,9.1,12.58,70,5.9044199,3.3,11.23,68.50731707,70.458,NA,NA,1.43829074692244,"Europe","Eastern Europe"
"12","BLR","BELARUS",2002,-7,0,1080,1080,3125.40644,112.4711609,92.53704,14.40999985,NA,30.44517179,8.950971315,14.20103832,100,4.746908015,44.07057842,1.136544042,1.780470991,NA,132.6765747,8.4,11.94,66,5.81475353,3.3,10.58,68.05609756,70.939,NA,NA,1.40024580052512,"Europe","Eastern Europe"
"13","BLR","BELARUS",2003,-7,0,1081,1081,3369.029306,102.379303,93.07121,13.97000027,NA,31.73124736,NA,17.68812191,100,11.5504996,43.25280051,1.099216041,1.742518661,NA,103.1890793,7.7,11.34,77,5.96711493,3.5,9.88,68.55365854,71.415,NA,NA,1.29906390002339,"Europe","Eastern Europe"
"14","BLR","BELARUS",2004,-7,0,1082,1082,3780.475997,99.97944641,91.53975,13.5,NA,33.02492327,NA,18.3713469,100,23.28555917,41.8164579,1.150823046,1.773911848,NA,102.7190704,7.1,10.71,71,5.93219662,3.8,9.16,68.95609756,71.887,NA,NA,1.35822231382833,"Europe","Eastern Europe"
"15","BLR","BELARUS",2005,-7,0,1083,1083,4164.185508,98.43138123,89.60983,12.98999977,NA,34.34680794,NA,20.14965628,100,42.87243539,39.62832215,1.235005714,1.730667103,NA,98.86844635,6.5,11.13,69,6.27653837,3.6,8.44,68.85121951,72.354,100,NA,1.49845313530187,"Europe","Eastern Europe"
"16","BLR","BELARUS",2006,-7,0,1084,1084,4608.736747,99.36715698,89.71155,12.53999996,NA,35.38921304,16.2,22.22309662,100,62.62554662,40.83288127,1.214640954,1.690162355,NA,97.65106964,6,11.18,68,5.76295853,3.6,7.7,69.40487805,72.816,NA,NA,1.70941249195756,"Europe","Eastern Europe"
"17","BLR","BELARUS",2007,-7,0,1085,1085,5028.106902,101.7897263,89.59185,12.06999969,NA,38.73049091,19.7,23.72669873,100,73.41373333,40.47154694,1.079462594,1.54934508,NA,96.30975342,5.5,11.23,71,5.88534021,3.5,7.01,70.20731707,73.273,NA,NA,1.64976591437478,"Europe","Eastern Europe"
"18","BLR","BELARUS",2008,-7,0,1086,1086,5560.146229,104.8463821,NA,11.63000011,NA,39.3330269,23,25.35338921,100,85.98460465,37.99144469,1.127210443,1.534738229,NA,99.11292267,5,11.12,68,5.47281408,3.7,6.42,70.45609756,73.726,NA,NA,1.45349285157346,"Europe","Eastern Europe"
"19","BLR","BELARUS",2009,-7,0,1087,1087,5583.701855,105.9405212,NA,11.35000038,NA,42.22531345,27.43,18.62947063,100,102.6825392,42.17288462,0.673974665,1.094860881,99.6170578,105.8452225,4.6,11.07,70,5.39037848,3.7,6.1,70.40731707,74.172,NA,NA,1.37257698145111,"Europe","Eastern Europe"
"20","BLR","BELARUS",2010,-7,0,1088,1088,6029.3968,104.3696899,91.05012,10.89000034,NA,43.93150566,31.8,16.32143837,100,109.6843993,43.47499616,0.895421856,1.34016837,NA,106.9727173,4.2,11.45,68,5.65693998,3.6,6.11,70.40487805,74.672,NA,NA,1.3413834329232,"Europe","Eastern Europe"
"21","BLR","BELARUS",2011,-7,0,1089,1089,6365.378053,102.1262283,90.70014,10.59000015,NA,44.69288351,39.64889566,14.50907256,100,113.5904037,44.13123078,1.252484951,1.741291732,NA,107.9056778,3.9,11.25,62,4.87438536,3.8,6.08,70.55365854,75.188,NA,NA,1.22449510976582,"Europe","Eastern Europe"
"22","BLR","BELARUS",2012,-7,0,1090,1090,6478.704811,99.81443024,93.98101,10.31000042,NA,46.79853958,46.91,14.66297503,100,113.373886,43.29360299,1.126977043,1.815881039,NA,104.0764618,3.6,11.27,63,5.245327,4,6.06,71.96585366,75.697,99.9561190605164,99.7458338737488,1.22921872178113,"Europe","Eastern Europe"
"23","BLR","BELARUS",2013,-7,0,1091,1091,6542.678412,98.2072525,93.23412,10.14000034,NA,47.41971831,54.17,13.35496285,100,117.9437886,45.42212965,0.875074994,1.483204749,NA,100.2649384,3.4,11.05,59,5.69559479,4,6.05,72.47073171,76.199,NA,NA,1.27079665150066,"Europe","Eastern Europe"
"24","BLR","BELARUS",2014,-7,0,1092,1092,6649.649328,98.30412292,93.11386,9.890000343,NA,47.86303898,59.02,12.69772453,100,120.8889669,45.65231231,0.743865518,1.336655453,NA,98.66790771,3.2,10.83,51,5.38793373,3.9,5.97,72.97073171,76.693,NA,NA,1.04232763587955,"Europe","Eastern Europe"
"25","BLR","BELARUS",2015,-7,0,1093,1093,6384.817145,99.14978027,93.96598,9.699999809,NA,48.10332157,62.23036091,14.17309447,100,121.2815762,47.7421763,0.421769563,1.153056425,NA,96.76220703,3,NA,50,6.06533337,4.1,5.91,73.62439024,77.181,NA,NA,1.13806602416355,"Europe","Eastern Europe"
"26","BGR","BULGARIA",1950,-7,0,NA,NA,NA,NA,NA,NA,NA,NA,NA,NA,NA,NA,NA,NA,NA,NA,NA,NA,NA,NA,NA,NA,NA,NA,NA,NA,NA,NA,"Europe","Eastern Europe"
"27","BGR","BULGARIA",1951,-7,0,NA,NA,NA,NA,NA,NA,NA,NA,NA,NA,NA,NA,NA,NA,NA,NA,NA,NA,NA,NA,NA,NA,NA,NA,NA,NA,NA,NA,"Europe","Eastern Europe"
"28","BGR","BULGARIA",1952,-7,0,NA,NA,NA,NA,NA,NA,NA,NA,NA,NA,NA,NA,NA,NA,NA,NA,NA,NA,NA,NA,NA,NA,NA,NA,NA,NA,NA,NA,"Europe","Eastern Europe"
"29","BGR","BULGARIA",1953,-7,0,NA,NA,NA,NA,NA,NA,NA,NA,NA,NA,NA,NA,NA,NA,NA,NA,NA,NA,NA,NA,NA,NA,NA,NA,NA,NA,NA,NA,"Europe","Eastern Europe"
"30","BGR","BULGARIA",1954,-7,0,NA,NA,NA,NA,NA,NA,NA,NA,NA,NA,NA,NA,NA,NA,NA,NA,NA,NA,NA,NA,NA,NA,NA,NA,NA,NA,NA,NA,"Europe","Eastern Europe"
"31","BGR","BULGARIA",1955,-7,0,NA,NA,NA,NA,NA,NA,NA,NA,NA,NA,NA,NA,NA,NA,NA,NA,NA,NA,NA,NA,NA,NA,NA,NA,NA,NA,NA,NA,"Europe","Eastern Europe"
"32","BGR","BULGARIA",1956,-7,0,NA,NA,NA,NA,NA,NA,NA,NA,NA,NA,NA,NA,NA,NA,NA,NA,NA,NA,NA,NA,NA,NA,NA,NA,NA,NA,NA,NA,"Europe","Eastern Europe"
"33","BGR","BULGARIA",1957,-7,0,NA,NA,NA,NA,NA,NA,NA,NA,NA,NA,NA,NA,NA,NA,NA,NA,NA,NA,NA,NA,NA,NA,NA,NA,NA,NA,NA,NA,"Europe","Eastern Europe"
"34","BGR","BULGARIA",1958,-7,0,NA,NA,NA,NA,NA,NA,NA,NA,NA,NA,NA,NA,NA,NA,NA,NA,NA,NA,NA,NA,NA,NA,NA,NA,NA,NA,NA,NA,"Europe","Eastern Europe"
"35","BGR","BULGARIA",1959,-7,0,NA,NA,NA,NA,NA,NA,NA,NA,NA,NA,NA,NA,NA,NA,NA,NA,NA,NA,NA,NA,NA,NA,NA,NA,NA,NA,NA,NA,"Europe","Eastern Europe"
"36","BGR","BULGARIA",1960,-7,0,1770,1770,NA,NA,NA,NA,NA,NA,NA,NA,NA,0,NA,NA,NA,NA,NA,45,6.213677406,NA,NA,NA,NA,69.24756098,37.1,NA,NA,NA,"Europe","Eastern Europe"
"37","BGR","BULGARIA",1961,-7,0,1771,1771,NA,NA,NA,NA,NA,NA,NA,NA,NA,NA,NA,NA,NA,NA,NA,40,NA,NA,NA,NA,NA,70.19560976,38.782,NA,NA,NA,"Europe","Eastern Europe"
"38","BGR","BULGARIA",1962,-7,0,1772,1772,NA,NA,NA,NA,NA,NA,NA,NA,NA,NA,NA,NA,NA,NA,NA,36.4,NA,NA,NA,NA,NA,69.49195122,40.494,NA,NA,NA,"Europe","Eastern Europe"
"39","BGR","BULGARIA",1963,-7,0,1773,1773,NA,NA,NA,NA,NA,NA,NA,NA,NA,NA,NA,NA,NA,NA,NA,33.8,NA,NA,NA,NA,NA,70.30926829,42.23,NA,NA,NA,"Europe","Eastern Europe"
"40","BGR","BULGARIA",1964,-7,0,1774,1774,NA,NA,NA,NA,NA,NA,NA,NA,NA,NA,NA,NA,NA,NA,NA,32.1,NA,NA,NA,NA,NA,71.12121951,43.987,NA,NA,NA,"Europe","Eastern Europe"
"41","BGR","BULGARIA",1965,-7,0,1775,1775,NA,NA,NA,NA,NA,NA,NA,NA,NA,0,NA,NA,NA,NA,NA,31.3,NA,NA,NA,NA,NA,71.29390244,45.755,NA,NA,NA,"Europe","Eastern Europe"
"42","BGR","BULGARIA",1966,-7,0,1776,1776,NA,NA,NA,NA,NA,NA,NA,NA,NA,NA,NA,NA,NA,NA,NA,31,NA,NA,NA,NA,NA,71.22341463,47.233,NA,NA,NA,"Europe","Eastern Europe"
"43","BGR","BULGARIA",1967,-7,0,1777,1777,NA,NA,NA,NA,NA,NA,NA,NA,NA,NA,NA,NA,NA,NA,NA,31,NA,NA,NA,NA,NA,70.41390244,48.499,NA,NA,NA,"Europe","Eastern Europe"
"44","BGR","BULGARIA",1968,-7,0,1778,1778,NA,NA,NA,NA,NA,NA,NA,NA,NA,NA,NA,NA,NA,NA,NA,30.3,NA,NA,NA,NA,NA,71.22512195,49.768,NA,NA,NA,"Europe","Eastern Europe"
"45","BGR","BULGARIA",1969,-7,0,1779,1779,NA,NA,NA,NA,NA,NA,NA,NA,NA,NA,NA,NA,NA,NA,NA,28.9,NA,NA,NA,NA,NA,70.43,51.034,NA,NA,NA,"Europe","Eastern Europe"
"46","BGR","BULGARIA",1970,-7,0,1780,1780,NA,NA,NA,NA,NA,NA,NA,NA,NA,0,NA,NA,NA,NA,NA,27.4,NA,NA,NA,NA,NA,71.25634146,52.3,NA,NA,NA,"Europe","Eastern Europe"
"47","BGR","BULGARIA",1971,-7,0,1781,1781,NA,105.8317795,NA,NA,NA,NA,NA,NA,NA,NA,NA,NA,NA,NA,96.84844208,26.3,NA,NA,NA,NA,NA,70.87365854,53.36,NA,NA,NA,"Europe","Eastern Europe"
"48","BGR","BULGARIA",1972,-7,0,1782,1782,NA,104.0001678,NA,NA,NA,NA,NA,NA,NA,NA,NA,NA,NA,NA,97.45319366,25.7,NA,NA,NA,NA,NA,70.8995122,54.419,NA,NA,NA,"Europe","Eastern Europe"
"49","BGR","BULGARIA",1973,-7,0,1783,1783,NA,101.8075714,NA,NA,NA,NA,NA,NA,NA,NA,NA,NA,NA,NA,96.93663788,25.2,NA,NA,NA,NA,NA,71.34219512,55.471,NA,NA,NA,"Europe","Eastern Europe"
"50","BGR","BULGARIA",1974,-7,0,1784,1784,NA,99.5549469,NA,NA,NA,NA,NA,NA,NA,NA,NA,NA,NA,NA,102.336319,24.7,NA,NA,NA,NA,NA,71.20804878,56.519,NA,NA,NA,"Europe","Eastern Europe"
"51","BGR","BULGARIA",1975,-7,0,1785,1785,NA,96.19117737,NA,NA,NA,NA,NA,NA,NA,0,NA,NA,NA,NA,93.29933167,24.2,NA,NA,NA,NA,NA,71.0497561,57.562,NA,NA,NA,"Europe","Eastern Europe"
"52","BGR","BULGARIA",1976,-7,0,1786,1786,NA,98.15101624,NA,NA,NA,NA,NA,NA,NA,0,NA,NA,NA,NA,93.77277374,23.5,NA,NA,NA,NA,NA,71.39487805,58.526,NA,NA,NA,"Europe","Eastern Europe"
"53","BGR","BULGARIA",1977,-7,0,1787,1787,NA,100.2810516,NA,NA,NA,NA,NA,NA,NA,0,NA,NA,NA,NA,91.18566132,22.8,NA,NA,NA,NA,NA,70.81609756,59.428,NA,NA,NA,"Europe","Eastern Europe"
"54","BGR","BULGARIA",1978,-7,0,1788,1788,NA,102.9670334,NA,NA,NA,NA,NA,NA,NA,0,NA,NA,NA,NA,92.03594971,21.8,NA,NA,NA,NA,NA,71.18463415,60.326,NA,NA,NA,"Europe","Eastern Europe"
"55","BGR","BULGARIA",1979,-7,0,1789,1789,NA,103.4934464,NA,NA,NA,9.092756394,NA,NA,NA,0,NA,NA,NA,NA,102.4319687,20.7,NA,NA,NA,NA,NA,71.30829268,61.216,NA,NA,NA,"Europe","Eastern Europe"
"56","BGR","BULGARIA",1980,-7,0,1790,1790,3651.359286,101.2339706,NA,NA,NA,10.22661757,NA,NA,NA,0,30.49241984,0.101818265,1.838577372,NA,103.4274673,19.6,8.850600243,NA,NA,NA,NA,71.15756098,62.1,NA,NA,NA,"Europe","Eastern Europe"
"57","BGR","BULGARIA",1981,-7,0,1791,1791,3817.537913,100.5986023,NA,NA,NA,12.84994858,NA,NA,NA,0,29.0035229,0.077772524,1.95906616,NA,100.25177,18.7,8.859000206,NA,NA,NA,NA,71.57195122,62.603,NA,NA,NA,"Europe","Eastern Europe"
"58","BGR","BULGARIA",1982,-7,0,1792,1792,3895.121514,103.3431702,NA,NA,NA,12.65633281,NA,NA,NA,0,24.98604074,0.044174314,2.044342788,NA,96.56124115,18,8.886699677,NA,NA,NA,NA,71.18609756,63.104,NA,NA,NA,"Europe","Eastern Europe"
"59","BGR","BULGARIA",1983,-7,0,1793,1793,4018.695057,104.489563,NA,NA,NA,15.10869785,NA,NA,NA,0,25.09575845,0.075915201,1.499467793,NA,93.69460297,17.4,8.876799583,NA,NA,NA,NA,71.38634146,63.603,NA,NA,NA,"Europe","Eastern Europe"
"60","BGR","BULGARIA",1984,-7,0,1794,1794,4145.477145,106.3460312,NA,NA,NA,15.60946545,NA,NA,NA,0,24.07415009,0.100559279,1.297548048,NA,99.47470093,16.6,8.963000298,NA,NA,NA,NA,71.4997561,64.099,NA,NA,NA,"Europe","Eastern Europe"
"61","BGR","BULGARIA",1985,-7,0,1795,1795,4256.781274,107.0759811,NA,NA,NA,16.7124197,NA,NA,NA,0,25.13736643,0.158041163,1.672601162,NA,110.2292786,15.8,9.11400032,NA,NA,NA,NA,71.22804878,64.59,NA,NA,NA,"Europe","Eastern Europe"
"62","BGR","BULGARIA",1986,-7,0,1796,1796,4437.066231,104.7149963,NA,NA,NA,17.8321639,NA,NA,NA,0,21.37009859,0.055055046,0.829577973,NA,99.53954315,15,9.4520998,NA,NA,NA,NA,71.73073171,64.999,NA,NA,NA,"Europe","Eastern Europe"
"63","BGR","BULGARIA",1987,-7,0,1797,1797,4698.791574,105.6414032,NA,NA,NA,19.47423798,NA,NA,NA,0,30.05723859,0.06573706,0.565332937,NA,102.7214279,14.3,9.564200401,NA,NA,NA,NA,71.52682927,65.346,NA,NA,NA,"Europe","Eastern Europe"
"64","BGR","BULGARIA",1988,-7,0,1798,1798,5207.205091,103.4710693,NA,NA,NA,21.1040932,NA,NA,NA,0,32.47716136,0.044697272,2.966481561,NA,102.494339,14,9.560199738,NA,NA,NA,NA,71.60439024,65.692,NA,NA,NA,"Europe","Eastern Europe"
"65","BGR","BULGARIA",1989,1,0,1799,1799,5095.162144,101.3178635,NA,NA,NA,22.41068124,NA,NA,NA,0,32.74169261,0.084087565,2.729523818,NA,101.4282303,14.2,9.7020998,NA,NA,NA,NA,71.72243902,66.035,NA,NA,4.39627074963996,"Europe","Eastern Europe"
"66","BGR","BULGARIA",1990,7,1,1800,1800,4714.899612,94.68267822,NA,NA,NA,24.60479934,0,23.83312845,100,0,35.20332404,0.099166337,1.109793656,NA,99.11776733,14.7,9.790800095,NA,NA,NA,NA,71.64146341,66.377,NA,NA,3.83344348975545,"Europe","Eastern Europe"
"67","BGR","BULGARIA",1991,7,1,1801,1801,4359.67583,93.58344269,NA,19.54000092,NA,25.1566471,0,22.33382461,100,0,35.69859985,0.026173517,1.392373563,NA,89.24223328,15.1,9.768199921,NA,NA,NA,13.4,71.56097561,66.717,NA,NA,3.04323157297492,"Europe","Eastern Europe"
"68","BGR","BULGARIA",1992,8,1,1802,1802,4086.269054,93.58280182,NA,19,NA,26.96595595,0,16.90338645,100,0,39.11952191,0.026916026,1.377583476,NA,87.50994873,15.3,10.20639992,NA,NA,NA,13.5,71.49439024,67.056,NA,NA,2.97263384321224,"Europe","Eastern Europe"
"69","BGR","BULGARIA",1993,8,1,1803,1803,4058.024212,94.46318054,NA,18.31999969,NA,28.10653358,0.002339042,15.21378387,100,0.011660396,45.28738709,0.02281995,0.984143403,NA,85.98764038,15.4,10.49419975,NA,NA,NA,13.67,71.34682927,67.33,NA,NA,2.60927161179391,"Europe","Eastern Europe"
"70","BGR","BULGARIA",1994,8,1,1804,1804,4145.854414,95.55909729,NA,17.48999977,NA,29.35656732,0.019526669,21.23896499,100,0.07669774,44.68474125,0.025693003,1.091764417,NA,88.20147705,15.4,10.19610024,NA,NA,NA,13.72,71.20878049,67.557,NA,NA,2.49261728620574,"Europe","Eastern Europe"
"71","BGR","BULGARIA",1995,8,1,1805,1805,4283.255808,97.58338928,NA,16.62000084,NA,30.58623695,0.119665549,12.2597552,100,0.249662621,65.2783853,0.013300919,0.846591997,NA,87.87815857,15.4,10.36999989,NA,NA,NA,13.71,71.05341463,67.782,NA,NA,2.37413128378025,"Europe","Eastern Europe"
"72","BGR","BULGARIA",1996,8,1,1806,1806,4526.653916,101.0982895,93.93516,15.60000038,NA,31.92798575,0.725251167,13.68493678,100,0.320647566,65.93161304,0.020189665,0.994637062,NA,90.34156799,15.5,10.47000027,NA,NA,NA,13.72,70.89731707,68.007,NA,NA,2.40293410901733,"Europe","Eastern Europe"
"73","BGR","BULGARIA",1997,8,1,1807,1807,3907.913308,102.3031769,95.0039,15.56000042,NA,32.64898596,1.219813132,14.78391772,100,0.852430413,49.0908404,0.014851685,0.965822428,NA,94.47679901,15.7,10.27999973,NA,NA,NA,13.7,70.35121951,68.231,NA,NA,2.4307013549238,"Europe","Eastern Europe"
"74","BGR","BULGARIA",1998,8,1,1808,1808,4102.664456,103.1721878,95.1383,14.31999969,NA,33.8916422,1.844965121,16.13499316,100,1.56064328,54.43540591,0.003791654,0.535806799,NA,93.95419312,15.5,8.409999847,NA,NA,NA,12.2,71.06097561,68.454,NA,NA,2.45305914743146,"Europe","Eastern Europe"
"75","BGR","BULGARIA",1999,8,1,1809,1809,3784.078104,103.330101,95.59626,13.88000011,NA,35.12328874,2.908154025,16.88486795,100,4.338664767,53.4034633,0.014971902,0.615690649,NA,96.07269287,14.9,7.489999771,NA,NA,NA,14.1,71.41219512,68.677,NA,NA,2.64517195633853,"Europe","Eastern Europe"
"76","BGR","BULGARIA",2000,8,1,1810,1810,3984.665968,103.4540329,95.27463,13.19999981,NA,36.03152655,5.370923469,17.03889286,100,9.227356436,54.01625728,0.037509445,0.654792083,NA,96.15943146,14.3,7.41,52,5.82971001,NA,16.22,71.66341463,68.899,NA,NA,2.65245576158903,"Europe","Eastern Europe"
"77","BGR","BULGARIA",2001,9,1,1811,1811,4219.943189,104.4845963,95.54443,9.68999958,NA,36.40282583,7.612297749,17.14053144,100,19.54429513,53.49108624,0.01819252,0.69352307,98.20355988,101.7548599,13.7,7.2,61,6.85958767,NA,19.92,71.76829268,69.166,NA,NA,2.86251954387639,"Europe","Eastern Europe"
"78","BGR","BULGARIA",2002,9,1,1812,1812,4569.274282,103.39814,93.96941,10.71000004,NA,36.50792965,9.08,15.29530967,100,33.02147316,55.26063621,0.020498684,0.450963776,NA,96.5668869,13.2,6.49,53,7.0809865,NA,18.11,71.86585366,69.524,NA,NA,2.77967655484011,"Europe","Eastern Europe"
"79","BGR","BULGARIA",2003,9,1,1813,1813,4842.885654,104.6338272,94.307,11.14000034,NA,36.1019908,12.04,19.77171025,100,44.8581374,53.85262801,0.015310989,0.427908592,NA,97.79255676,12.6,6.29,52,7.19987392,NA,13.73,72.06585366,69.879,NA,NA,2.69120147161229,"Europe","Eastern Europe"
"80","BGR","BULGARIA",2004,9,1,1814,1814,5193.913461,105.1268463,95.46767,10.75,NA,35.20890341,18.13,21.05449828,100,61.07108769,54.05453226,0.027982986,1.133048779,NA,98.64273071,11.8,6.13,49,6.89090872,NA,12.04,72.56341463,70.233,NA,NA,2.3737116819405,"Europe","Eastern Europe"
"81","BGR","BULGARIA",2005,9,1,1815,1815,5607.527055,103.3585968,94.18482,8.93999958,NA,32.39279705,19.97,20.30776201,100,81.24044323,53.52907048,0.035644458,1.004785095,NA,98.65926361,11,6.41,52,6.89011431,NA,10.08,72.56097561,70.584,NA,NA,2.23535026726367,"Europe","Eastern Europe"
"82","BGR","BULGARIA",2006,9,1,1816,1816,6034.620126,103.4179077,95.18675,8.109999657,NA,31.44306417,27.09,20.95860249,100,108.1562445,52.94011375,0.037279988,1.857385718,NA,99.3508606,10.4,6.28,51,6.52544594,1.6,8.95,72.61219512,70.932,NA,NA,2.08176190777138,"Europe","Eastern Europe"
"83","BGR","BULGARIA",2007,9,1,1817,1817,6477.770277,106.8442688,97.78147,7.539999962,NA,30.3610213,33.64,22.88555382,100,130.6309287,53.95682665,0.031447308,1.707307924,NA,101.33284,9.8,6.46,47,6.16035938,2.2,6.88,72.66341463,71.278,NA,NA,2.22853990097534,"Europe","Eastern Europe"
"84","BGR","BULGARIA",2008,9,1,1818,1818,6920.388954,108.8717499,98.04598,7.46999979,NA,29.10350452,39.67,22.16840663,100,138.6083388,53.25770966,0.036158769,1.961671196,NA,95.15364838,9.5,6.61,49,6.28771019,2.4,5.61,72.96341463,71.622,NA,NA,2.13186398257533,"Europe","Eastern Europe"
"85","BGR","BULGARIA",2009,9,1,1819,1819,6730.058143,109.6889267,97.74258,7.090000153,NA,29.50946897,45,18.9826074,100,139.8916681,56.09344875,0.019978661,0.707920264,NA,101.7043991,9.3,6.72,44,6.59886885,2.4,6.82,73.41219512,71.963,NA,NA,1.73951150062383,"Europe","Eastern Europe"
"86","BGR","BULGARIA",2010,9,1,1820,1820,6812.406338,108.3310089,97.95684,6.820000172,NA,29.14822449,46.23,18.534488,100,137.3728082,59.58006698,0.029624381,1.70442186,NA,113.3395615,9.1,6.62,41,7.14063406,2.1,10.28,73.51219512,72.302,NA,NA,1.64246152423714,"Europe","Eastern Europe"
"87","BGR","BULGARIA",2011,9,1,1821,1821,7017.663646,103.5848618,97.97584,6.78000021,NA,30.80284334,47.97999305,17.74918324,100,141.9647632,57.68862278,0.039634412,2.188475056,98.35244751,110.2010422,8.7,6.45,37,7.14162683,2.1,11.26,74.16341463,72.638,NA,NA,1.31400025609446,"Europe","Eastern Europe"
"88","BGR","BULGARIA",2012,9,1,1822,1822,7083.598787,100.3291702,95.726,6.440000057,NA,29.08241243,51.89998767,18.97111779,100,146.9965584,57.35317598,0.040767761,1.646026718,NA,101.8105621,8.3,6.61,35,7.57881832,2,12.27,74.31463415,72.975,NA,NA,1.32981896505284,"Europe","Eastern Europe"
"89","BGR","BULGARIA",2013,9,1,1823,1823,7146.558796,98.05493927,93.90701,6.659999847,NA,26.64472637,53.0615,19.9966628,100,143.8504446,58.35936372,0.0357981,1.123562824,NA,98.95879364,7.7,6.82,33,7.1707921,1.8,12.94,74.86097561,73.313,NA,NA,1.45404283053363,"Europe","Eastern Europe"
"90","BGR","BULGARIA",2014,9,1,1824,1824,7322.808629,96.66216278,92.61403,7.010000229,NA,25.07677024,55.49,19.59300886,100,130.9327974,58.86900221,0.031477937,0.790282215,NA,97.95253754,7.2,7.13,31,7.7096777,2,11.42,74.46585366,73.651,NA,NA,1.30960223173333,"Europe","Eastern Europe"
"91","BGR","BULGARIA",2015,9,1,1825,1825,7663.722029,94.19827271,90.40649,6.860000134,NA,22.98525739,56.65625161,20.29004878,100,127.70783,58.60599142,0.014923731,0.65940609,NA,96.19129181,6.8,7.24,28,7.41338348,1.5,9.14,74.61463415,73.99,NA,NA,1.24593360652028,"Europe","Eastern Europe"
"92","CZE","CZECH REPUBLIC",1993,10,1,3206,3206,12375.54585,102.6716995,NA,7.800000191,NA,19.03998479,0.581319529,18.74821125,100,0.135567335,50.53156745,0.013516553,0.977111269,NA,96.68901825,8.6,10.39999962,NA,NA,4.6,4.32,72.76780488,74.901,NA,NA,2.3304040663427,"Europe","Eastern Europe"
"93","CZE","CZECH REPUBLIC",1994,10,1,3207,3207,12730.98929,105.5338364,NA,6.949999809,NA,21.02072692,1.259217838,16.65212059,100,0.293688747,50.85085315,0.012237557,0.727329125,NA,103.8473129,7.9,10.19999981,NA,NA,NA,4.3,72.97268293,74.772,NA,NA,2.28340085763757,"Europe","Eastern Europe"
"94","CZE","CZECH REPUBLIC",1995,10,1,3208,3208,13566.92304,104.5857162,NA,6.639999866,NA,23.59635508,1.45357584,16.23817739,100,0.472090064,51.43474998,0.012386469,0.739026069,NA,104.5555267,7.1,NA,NA,NA,NA,4.02,73.07487805,74.643,NA,NA,1.84362277299769,"Europe","Eastern Europe"
"95","CZE","CZECH REPUBLIC",1996,10,1,3209,3209,14162.08127,104.2376633,NA,6.21999979,NA,27.21865598,1.940378193,15.29606315,100,1.935352848,50.71119117,0.016113317,0.690544156,NA,108.6361389,6.4,NA,NA,NA,4,3.89,73.71463415,74.513,NA,NA,1.73190468756652,"Europe","Eastern Europe"
"96","CZE","CZECH REPUBLIC",1997,10,1,3210,3210,14103.86533,101.7880707,NA,5.789999962,NA,31.72437081,2.915698695,15.08464636,100,5.091136981,51.91803854,0.014805167,0.656291214,NA,NA,5.8,NA,NA,NA,NA,4.27,73.82487805,74.382,NA,NA,1.66204579070562,"Europe","Eastern Europe"
"97","CZE","CZECH REPUBLIC",1998,10,1,3211,3211,14066.89699,103.0903091,NA,5.550000191,NA,36.24336413,3.895906065,14.36727033,100,9.35244502,52.93449391,0.003846208,0.513692279,NA,NA,5.3,NA,NA,NA,NA,5.9,74.51463415,74.251,NA,NA,1.82593182035358,"Europe","Eastern Europe"
"98","CZE","CZECH REPUBLIC",1999,10,1,3212,3212,14276.18317,103.0338211,89.06554,5.309999943,NA,36.9298003,6.832802018,14.87006338,100,18.86741175,53.82748117,0.014430555,0.43476198,NA,99.46568298,4.8,NA,NA,NA,NA,8.49,74.66829268,74.12,NA,NA,1.85906992321232,"Europe","Eastern Europe"
"99","CZE","CZECH REPUBLIC",2000,10,1,3213,3213,14889.06992,103.3358078,NA,5.21999979,NA,37.62766691,9.780527888,14.47498606,100,42.23784093,54.35351711,0.033160654,0.555510165,NA,99.34734344,4.5,7.8,16,5.71755314,NA,8.76,74.96829268,73.988,NA,NA,1.87735695616487,"Europe","Eastern Europe"
"100","CZE","CZECH REPUBLIC",2001,10,1,3214,3214,15399.8927,103.4155884,NA,4.869999886,NA,37.58971856,14.69717212,14.74146668,100,67.63845379,54.15194915,0.023345784,0.76793326,NA,99.44711304,4.3,7.77,14,5.88764715,NA,7.99,75.17317073,73.877,NA,NA,1.75124955758828,"Europe","Eastern Europe"
"101","CZE","CZECH REPUBLIC",2002,10,1,3215,3215,15671.85085,101.5521011,NA,4.900000095,NA,35.85033584,23.93,14.56483172,100,83.98320136,55.57365304,0.029573853,0.466435597,NA,104.0140305,4.1,7.76,13,6.19887209,4,7.02,75.22195122,73.809,NA,NA,1.82440696826275,"Europe","Eastern Europe"
"102","CZE","CZECH REPUBLIC",2003,10,1,3216,3216,16238.12794,99.02735138,NA,4.510000229,NA,35.41601557,34.3,14.98580461,100,94.81935781,56.63581318,0.034433222,0.415562221,NA,99.17993927,3.9,7.73,13,6.55446577,NA,7.54,75.17073171,73.74,NA,NA,1.8927640441762,"Europe","Eastern Europe"
"103","CZE","CZECH REPUBLIC",2004,10,1,3217,3217,17014.69462,98.59606171,NA,4.449999809,NA,33.47513472,35.5,15.40646666,100,105.304275,54.54579702,0.03770471,0.887642069,NA,99.77954865,3.7,7.65,12,6.3854723,3.6,8.21,75.72195122,73.671,NA,NA,1.71370317302129,"Europe","Eastern Europe"
"104","CZE","CZECH REPUBLIC",2005,10,1,3218,3218,18112.86754,99.21469879,NA,3.980000019,NA,31.36369295,35.27,14.48468636,100,114.7951481,54.53985435,0.049114363,0.768620055,NA,98.93743896,3.5,7.57,11,6.38101006,3.8,7.93,75.92439024,73.602,NA,NA,1.77882220026108,"Europe","Eastern Europe"
"105","CZE","CZECH REPUBLIC",2006,9,1,3219,3219,19286.25598,99.99620056,NA,3.75999999,NA,28.03855936,47.93,14.22222952,100,120.4647441,54.39149606,0.043913269,0.766777285,NA,93.89820099,3.4,7.45,11,6.19553137,3.7,7.15,76.52439024,73.533,NA,NA,1.5678353362801,"Europe","Eastern Europe"
"106","CZE","CZECH REPUBLIC",2007,9,1,3220,3220,20242.09928,103.1852722,89.22317,3.579999924,NA,23.19831219,51.93,14.61169007,100,127.7198404,54.29190526,0.036467181,0.696645022,NA,95.59893799,3.2,7.33,8.8,6.01604843,3.9,5.32,76.72439024,73.463,NA,NA,1.42371628899144,"Europe","Eastern Europe"
"107","CZE","CZECH REPUBLIC",2008,9,1,3221,3221,20614.19769,105.734848,88.6485,3.170000076,NA,23.76847747,62.97,13.67309281,100,132.1804643,55.14939919,0.040476529,1.53656583,NA,98.50746155,3,7.21,8.9,6.35973358,3.9,4.39,76.97560976,73.394,NA,NA,1.2324715671579,"Europe","Eastern Europe"
"108","CZE","CZECH REPUBLIC",2009,9,1,3222,3222,19542.46928,105.9728622,88.92463,3.119999886,NA,24.09248338,64.43,13.57022193,100,124.5463764,55.74032956,0.022450054,0.707189799,NA,103.5232773,2.9,7.14,6.9,7.29290485,3.8,6.66,77.07804878,73.324,NA,NA,1.31056414250743,"Europe","Eastern Europe"
"109","CZE","CZECH REPUBLIC",2010,9,1,3223,3223,19960.06849,103.8044205,88.90289,3.099999905,NA,22.46852328,68.82,13.65075748,100,122.7549747,55.78816741,0.025379052,0.979585756,NA,106.4567795,2.7,7.3,6.8,6.92806244,3.7,7.28,77.42439024,73.255,NA,NA,1.19477218141337,"Europe","Eastern Europe"
"110","CZE","CZECH REPUBLIC",2011,9,1,3224,3224,20269.48743,100.7608566,88.00827,2.99000001,NA,20.85739322,70.49,14.52026341,100,124.6172225,54.68230862,0.033017257,1.092892551,NA,103.75914,2.6,7.06,6.2,6.97689199,3.7,6.71,77.87317073,73.185,NA,NA,1.07783649896869,"Europe","Eastern Europe"
"111","CZE","CZECH REPUBLIC",2012,9,1,3225,3225,20082.25119,99.36768341,88.24667,3.049999952,NA,20.01078696,73.43000782,14.92876345,100,127.7906207,54.76513068,0.033110863,0.658183534,NA,100.9904404,2.6,6.93,6.1,7.02843523,3.9,6.98,78.07560976,73.197,NA,NA,1.0632168166006,"Europe","Eastern Europe"
"112","CZE","CZECH REPUBLIC",2013,9,1,3226,3226,20066.37559,98.74181366,87.95611,3.029999971,NA,18.90137215,74.1104,15.08116108,100,129.5920015,54.61465657,0.029237348,0.392345354,NA,99.76103973,2.5,6.7,5.1,7.80669546,3.8,6.95,78.17560976,73.29,NA,NA,1.01508371972557,"Europe","Eastern Europe"
"113","CZE","CZECH REPUBLIC",2014,9,1,3227,3227,20498.70575,98.66822815,88.11683,2.75,NA,18.90170509,74.23171164,14.42965406,100,131.365859,54.19329987,0.025911514,0.349018022,NA,98.16072083,2.5,6.68,5.1,7.65308523,3.8,6.11,78.82439024,73.384,NA,NA,0.966227818064756,"Europe","Eastern Europe"
"114","CZE","CZECH REPUBLIC",2015,9,1,3228,3228,21560.82623,99.51667786,88.69066,2.930000067,NA,17.98436565,75.6688387,14.76956046,100,117.4805076,54.05741974,0.010379548,0.309695938,NA,96.07079315,2.5,6.67,5.5,7.24275684,3.9,5.05,78.57804878,73.477,NA,NA,0.946582095560622,"Europe","Eastern Europe"
"115","HUN","HUNGARY",1950,-7,0,NA,NA,NA,NA,NA,NA,NA,NA,NA,NA,NA,NA,NA,NA,NA,NA,NA,NA,NA,NA,NA,NA,NA,NA,NA,NA,NA,NA,"Europe","Eastern Europe"
"116","HUN","HUNGARY",1951,-7,0,NA,NA,NA,NA,NA,NA,NA,NA,NA,NA,NA,NA,NA,NA,NA,NA,NA,NA,NA,NA,NA,NA,NA,NA,NA,NA,NA,NA,"Europe","Eastern Europe"
"117","HUN","HUNGARY",1952,-7,0,NA,NA,NA,NA,NA,NA,NA,NA,NA,NA,NA,NA,NA,NA,NA,NA,NA,NA,NA,NA,NA,NA,NA,NA,NA,NA,NA,NA,"Europe","Eastern Europe"
"118","HUN","HUNGARY",1953,-7,0,NA,NA,NA,NA,NA,NA,NA,NA,NA,NA,NA,NA,NA,NA,NA,NA,NA,NA,NA,NA,NA,NA,NA,NA,NA,NA,NA,NA,"Europe","Eastern Europe"
"119","HUN","HUNGARY",1954,-7,0,NA,NA,NA,NA,NA,NA,NA,NA,NA,NA,NA,NA,NA,NA,NA,NA,NA,NA,NA,NA,NA,NA,NA,NA,NA,NA,NA,NA,"Europe","Eastern Europe"
"120","HUN","HUNGARY",1955,-7,0,NA,NA,NA,NA,NA,NA,NA,NA,NA,NA,NA,NA,NA,NA,NA,NA,NA,NA,NA,NA,NA,NA,NA,NA,NA,NA,NA,NA,"Europe","Eastern Europe"
"121","HUN","HUNGARY",1956,NA,0,NA,NA,NA,NA,NA,NA,NA,NA,NA,NA,NA,NA,NA,NA,NA,NA,NA,NA,NA,NA,NA,NA,NA,NA,NA,NA,NA,NA,"Europe","Eastern Europe"
"122","HUN","HUNGARY",1957,-7,0,NA,NA,NA,NA,NA,NA,NA,NA,NA,NA,NA,NA,NA,NA,NA,NA,NA,NA,NA,NA,NA,NA,NA,NA,NA,NA,NA,NA,"Europe","Eastern Europe"
"123","HUN","HUNGARY",1958,-7,0,NA,NA,NA,NA,NA,NA,NA,NA,NA,NA,NA,NA,NA,NA,NA,NA,NA,NA,NA,NA,NA,NA,NA,NA,NA,NA,NA,NA,"Europe","Eastern Europe"
"124","HUN","HUNGARY",1959,-7,0,NA,NA,NA,NA,NA,NA,NA,NA,NA,NA,NA,NA,NA,NA,NA,NA,NA,NA,NA,NA,NA,NA,NA,NA,NA,NA,NA,NA,"Europe","Eastern Europe"
"125","HUN","HUNGARY",1960,-7,0,5308,5308,NA,NA,NA,NA,NA,2.433758084,NA,NA,NA,0,NA,NA,NA,NA,NA,47.7,NA,NA,NA,NA,NA,68.00317073,55.911,NA,NA,NA,"Europe","Eastern Europe"
"126","HUN","HUNGARY",1961,-7,0,5309,5309,NA,NA,NA,NA,NA,2.43376,NA,NA,NA,NA,NA,NA,NA,NA,NA,45.7,NA,NA,NA,NA,NA,68.93609756,56.335,NA,NA,NA,"Europe","Eastern Europe"
"127","HUN","HUNGARY",1962,-7,0,5310,5310,NA,NA,NA,NA,NA,2.43376,NA,NA,NA,NA,NA,NA,NA,NA,NA,44,NA,NA,NA,NA,NA,67.86585366,56.758,NA,NA,NA,"Europe","Eastern Europe"
"128","HUN","HUNGARY",1963,-7,0,5311,5311,NA,NA,NA,NA,NA,2.43376,NA,NA,NA,NA,NA,NA,NA,NA,NA,42.4,NA,NA,NA,NA,NA,68.87414634,57.181,NA,NA,NA,"Europe","Eastern Europe"
"129","HUN","HUNGARY",1964,-7,0,5312,5312,NA,NA,NA,NA,NA,2.43376,NA,NA,NA,NA,NA,NA,NA,NA,NA,41.1,NA,NA,NA,NA,NA,69.38097561,57.603,NA,NA,NA,"Europe","Eastern Europe"
"130","HUN","HUNGARY",1965,-7,0,5313,5313,NA,NA,NA,NA,NA,2.986814194,NA,NA,NA,0,NA,NA,NA,NA,NA,39.9,NA,NA,NA,NA,NA,69.07121951,58.022,NA,NA,NA,"Europe","Eastern Europe"
"131","HUN","HUNGARY",1966,-7,0,5314,5314,NA,NA,NA,NA,NA,2.98681,NA,NA,NA,NA,NA,NA,NA,NA,NA,38.8,NA,NA,NA,NA,NA,69.82243902,58.441,NA,NA,NA,"Europe","Eastern Europe"
"132","HUN","HUNGARY",1967,-7,0,5315,5315,NA,NA,NA,NA,NA,2.98681,NA,NA,NA,NA,NA,NA,NA,NA,NA,37.8,NA,NA,NA,NA,NA,69.40707317,58.859,NA,NA,NA,"Europe","Eastern Europe"
"133","HUN","HUNGARY",1968,-7,0,5316,5316,NA,NA,NA,NA,NA,2.98681,NA,NA,NA,NA,NA,NA,NA,NA,NA,36.9,NA,NA,NA,NA,NA,69.2302439,59.276,NA,NA,NA,"Europe","Eastern Europe"
"134","HUN","HUNGARY",1969,-7,0,5317,5317,NA,NA,NA,NA,NA,2.98681,NA,NA,NA,NA,NA,NA,NA,NA,NA,36,NA,NA,NA,NA,NA,69.31463415,59.691,NA,NA,NA,"Europe","Eastern Europe"
"135","HUN","HUNGARY",1970,-7,0,5318,5318,NA,NA,NA,NA,NA,3.849710185,NA,NA,NA,0,NA,NA,NA,NA,NA,35.1,NA,NA,NA,NA,NA,69.16463415,60.112,NA,NA,4.03007518796992,"Europe","Eastern Europe"
"136","HUN","HUNGARY",1971,-7,0,5319,5319,NA,98.18652344,NA,NA,NA,3.84971,NA,NA,NA,NA,NA,NA,NA,NA,89.19537354,34.4,NA,NA,NA,NA,NA,69.05243902,60.539,NA,NA,3.74168514412417,"Europe","Eastern Europe"
"137","HUN","HUNGARY",1972,-7,0,5320,5320,NA,101.2811508,NA,NA,NA,3.84971,NA,NA,NA,NA,NA,NA,NA,NA,88.58138275,34.4,NA,NA,NA,NA,NA,69.66463415,60.965,NA,NA,3.27365728900256,"Europe","Eastern Europe"
"138","HUN","HUNGARY",1973,-7,0,5321,5321,NA,104.4693832,NA,NA,NA,3.84971,NA,NA,NA,NA,NA,NA,NA,NA,92.93704224,35,NA,NA,NA,NA,NA,69.51804878,61.388,NA,NA,3.00699300699301,"Europe","Eastern Europe"
"139","HUN","HUNGARY",1974,-7,0,5322,5322,NA,106.2645035,NA,NA,NA,3.84971,NA,NA,NA,NA,NA,NA,NA,NA,99.68802643,34.7,NA,NA,NA,NA,NA,69.24804878,61.81,NA,NA,3.2078413900646,"Europe","Eastern Europe"
"140","HUN","HUNGARY",1975,-7,0,5323,5323,NA,106.8358383,NA,NA,NA,4.826005673,NA,NA,NA,0,NA,NA,NA,NA,100.5615387,32.5,NA,NA,NA,NA,NA,69.29,62.231,NA,NA,3.33540501346592,"Europe","Eastern Europe"
"141","HUN","HUNGARY",1976,-7,0,5324,5324,NA,105.2993927,NA,NA,NA,4.887525004,NA,NA,NA,0,NA,NA,NA,NA,98.05146027,29.2,NA,NA,NA,NA,NA,69.57317073,62.65,NA,NA,3.00623936471923,"Europe","Eastern Europe"
"142","HUN","HUNGARY",1977,-7,0,5325,5325,NA,104.4174271,NA,NA,NA,4.917002317,NA,NA,NA,0,NA,NA,NA,NA,99.66864777,26.3,NA,NA,NA,NA,NA,69.84804878,63.066,NA,NA,2.9553264604811,"Europe","Eastern Europe"
"143","HUN","HUNGARY",1978,-7,0,5326,5326,NA,101.9741211,NA,NA,NA,4.984418782,NA,NA,NA,0,NA,NA,NA,NA,104.2705002,24.4,NA,NA,NA,NA,NA,69.39390244,63.48,NA,NA,3.23963792282039,"Europe","Eastern Europe"
"144","HUN","HUNGARY",1979,-7,0,5327,5327,NA,98.6371994,NA,NA,NA,5.225652233,NA,NA,NA,0,NA,NA,NA,NA,99.16375732,22.9,NA,NA,NA,NA,NA,69.61536585,63.893,NA,NA,3.23904440861791,"Europe","Eastern Europe"
"145","HUN","HUNGARY",1980,-7,0,5328,5328,NA,97.63356018,NA,NA,NA,5.73910718,NA,NA,NA,0,NA,NA,NA,98.85829163,97.56234741,21.5,NA,NA,NA,NA,NA,69.06170732,64.191,NA,NA,3.34257975034674,"Europe","Eastern Europe"
"146","HUN","HUNGARY",1981,-7,0,5329,5329,NA,99.34256744,NA,NA,NA,5.923799614,NA,NA,NA,0,NA,NA,NA,NA,93.48310089,20.3,NA,NA,NA,NA,NA,69.13926829,64.372,NA,NA,3.33376073855623,"Europe","Eastern Europe"
"147","HUN","HUNGARY",1982,-7,0,5330,5330,NA,105.1998367,NA,NA,NA,6.114309023,NA,NA,NA,0,NA,NA,NA,NA,92.87085724,19.7,NA,NA,NA,NA,NA,69.35780488,64.553,NA,NA,3.24330699374926,"Europe","Eastern Europe"
"148","HUN","HUNGARY",1983,-7,0,5331,5331,NA,108.4840317,NA,NA,NA,6.339740745,NA,NA,NA,0,NA,NA,NA,NA,94.31861877,19.7,NA,NA,NA,NA,NA,68.97365854,64.734,NA,NA,3.33593662836104,"Europe","Eastern Europe"
"149","HUN","HUNGARY",1984,-7,0,5332,5332,NA,109.1913223,NA,NA,NA,6.644221618,NA,NA,NA,0,NA,NA,NA,NA,102.4443436,19.9,NA,NA,NA,NA,NA,69.02585366,64.915,NA,NA,3.14767501277466,"Europe","Eastern Europe"
"150","HUN","HUNGARY",1985,-7,0,5333,5333,NA,105.5560303,NA,NA,NA,6.992025514,NA,NA,NA,0,NA,NA,NA,NA,113.5660706,19.4,NA,NA,NA,NA,NA,68.97219512,65.095,NA,NA,4.97242913804779,"Europe","Eastern Europe"
"151","HUN","HUNGARY",1986,-7,0,5334,5334,NA,97.97380829,NA,NA,NA,7.320835596,NA,NA,NA,0,NA,NA,NA,NA,103.7685013,18.5,NA,NA,NA,NA,NA,69.17341463,65.274,NA,NA,3.22373254959589,"Europe","Eastern Europe"
"152","HUN","HUNGARY",1987,-7,0,5335,5335,NA,91.61322021,NA,NA,NA,7.758807349,NA,NA,NA,0,NA,NA,NA,NA,96.82936096,17.5,NA,NA,NA,NA,NA,69.65121951,65.453,NA,NA,3.15557729941292,"Europe","Eastern Europe"
"153","HUN","HUNGARY",1988,-2,0,5336,5336,NA,85.44685364,NA,NA,NA,8.224605524,NA,NA,NA,0,NA,NA,NA,NA,89.25531006,16.5,NA,NA,NA,NA,NA,70.02341463,65.632,NA,NA,3.59622327131352,"Europe","Eastern Europe"
"154","HUN","HUNGARY",1989,4,0,5337,5337,NA,83.69129181,NA,NA,NA,8.805364244,NA,NA,NA,0,NA,NA,NA,NA,83.39996338,15.7,NA,NA,NA,NA,NA,69.46170732,65.81,NA,NA,2.78616206175993,"Europe","Eastern Europe"
"155","HUN","HUNGARY",1990,10,1,5338,5338,NA,85.23039246,NA,NA,NA,9.596471551,0,NA,100,0.025488726,NA,NA,NA,NA,81.78333282,15.2,NA,NA,NA,NA,NA,69.31560976,65.838,NA,NA,2.56353802709041,"Europe","Eastern Europe"
"156","HUN","HUNGARY",1991,10,1,5339,5339,8869.922775,89.35340118,NA,11.57999992,NA,10.88607224,0.00338263,25.54953021,100,0.08180025,NA,0.232587751,1.023190415,NA,79.38160706,14.7,NA,NA,NA,NA,9.95,69.37707317,65.713,NA,NA,2.16146979946364,"Europe","Eastern Europe"
"157","HUN","HUNGARY",1992,10,1,5340,5340,8601.498018,95.05214691,NA,11.26000023,NA,12.46433526,0.048353421,24.07442467,100,0.224856228,NA,0.216826054,0.808027747,NA,85.10460663,13.9,NA,NA,NA,NA,9.94,69.11707317,65.587,NA,NA,2.1796531721192,"Europe","Eastern Europe"
"158","HUN","HUNGARY",1993,10,1,5341,5341,8561.701879,100.135582,NA,9.130000114,NA,14.45667978,0.193414395,25.01049013,100,0.441275304,NA,0.209356635,0.689260626,NA,89.81996918,12.7,NA,NA,NA,NA,12.1,69.10121951,65.461,NA,NA,1.90656828980965,"Europe","Eastern Europe"
"159","HUN","HUNGARY",1994,10,1,5342,5342,8826.101643,105.6215134,91.54598,8.75,NA,17.12850025,0.483580975,24.1947854,100,1.380629917,NA,0.20120196,0.537869643,NA,NA,11.6,9.300000191,NA,NA,NA,10.85,69.4697561,65.335,NA,NA,1.82413438385634,"Europe","Eastern Europe"
"160","HUN","HUNGARY",1995,10,1,5343,5343,8970.048088,104.8579102,90.50608,8.090000153,NA,20.84393711,0.677486054,23.16720532,100,2.560559157,51.70307187,0.190521961,0.533437304,NA,NA,10.8,8.800000191,NA,NA,NA,10.17,69.79170732,65.209,NA,NA,1.32472748303328,"Europe","Eastern Europe"
"161","HUN","HUNGARY",1996,10,1,5344,5344,8992.874411,102.1148224,78.42221,8.220000267,NA,25.65910535,0.969239536,22.91607843,100,4.578777179,52.63821193,0.245778223,0.577423697,NA,NA,10.3,8.800000191,NA,NA,NA,10.02,70.32878049,65.083,NA,NA,1.25906103979783,"Europe","Eastern Europe"
"162","HUN","HUNGARY",1997,10,1,5345,5345,9294.237284,100.5711365,87.00003,7.809999943,NA,30.02673527,1.942449872,20.93471548,100,6.846654405,52.25102325,0.209350025,0.523461329,NA,97.89090729,9.9,8,NA,NA,NA,8.99,70.70243902,64.956,NA,NA,1.47668440278226,"Europe","Eastern Europe"
"163","HUN","HUNGARY",1998,10,1,5346,5346,9679.207724,100.6441422,86.77309,7.340000153,NA,33.29895457,3.894643278,20.76523789,100,10.41046142,52.14340612,0.037950175,0.232038269,NA,98.44779205,9.6,8.100000382,NA,NA,NA,8.93,70.55780488,64.829,NA,NA,1.2721641748015,"Europe","Eastern Europe"
"164","HUN","HUNGARY",1999,10,1,5347,5347,10004.75853,100.7474518,87.14489,6.949999809,NA,36.35113454,5.857840749,21.80216516,100,15.88532459,52.9661408,0.126992719,0.321577557,NA,95.98950195,9.2,8.100000382,NA,NA,NA,6.93,70.67707317,64.702,NA,NA,1.43361259969176,"Europe","Eastern Europe"
"165","HUN","HUNGARY",2000,10,1,5348,5348,10480.07903,101.1199112,87.82211,6.460000038,NA,37.16306833,6.999676351,22.37846265,100,30.09908413,53.25951145,0.332620907,0.718518199,NA,96.41895294,8.7,8.16,35,6.77804375,NA,6.56,71.24634146,64.575,NA,NA,1.51310022700998,"Europe","Eastern Europe"
"166","HUN","HUNGARY",2001,10,1,5349,5349,10932.09437,100.2052078,88.60332,6.190000057,NA,36.71134275,14.5285543,21.39965711,100,48.73159222,54.36972602,0.216710222,0.709392742,NA,98.01667786,8.1,7.92,33,6.82614756,NA,5.67,72.24878049,64.67,NA,NA,1.57012709014657,"Europe","Eastern Europe"
"167","HUN","HUNGARY",2002,10,1,5350,5350,11483.06763,99.01557159,89.1568,6.119999886,NA,36.08830402,16.67,20.8930507,100,67.72813346,55.74307444,0.161764,0.457902751,NA,99.41333008,7.6,7.91,31,7.12101698,NA,5.61,72.34878049,65.081,NA,NA,1.59377380209258,"Europe","Eastern Europe"
"168","HUN","HUNGARY",2003,10,1,5351,5351,11986.38014,98.11929321,88.63265,5.380000114,NA,35.52697464,21.63,20.65751041,100,78.33860647,55.66837155,0.157802993,0.421114268,NA,96.18540192,7.1,7.9,31,8.11923409,NA,5.79,72.3,65.489,NA,NA,1.64262159438689,"Europe","Eastern Europe"
"169","HUN","HUNGARY",2004,10,1,5352,5352,12592.3192,97.50032806,88.68183,5.260000229,NA,35.23661127,27.74,20.39416804,100,86.28409963,54.33132185,0.167000122,0.446673477,NA,94.62100983,6.7,7.89,26,7.77005482,3.3,5.83,72.64878049,65.896,NA,NA,1.47272381889096,"Europe","Eastern Europe"
"170","HUN","HUNGARY",2005,10,1,5353,5353,13152.82192,98.16443634,89.3733,4.869999886,NA,33.86611477,38.97,19.93999296,100,92.40589149,55.18987078,0.180806783,0.410026216,NA,93.81266022,6.4,7.91,21,8.00078201,2.6,7.19,72.64878049,66.365,NA,NA,1.40983615554013,"Europe","Eastern Europe"
"171","HUN","HUNGARY",2006,10,1,5354,5354,13704.33722,99.58309174,90.61516,4.760000229,NA,33.41773031,47.06,19.83341708,100,99.10564734,56.05695176,0.197780733,0.544111329,NA,98.7664566,6.1,7.98,19,7.78737354,3.4,7.49,73.09756098,66.895,NA,NA,1.21856650672823,"Europe","Eastern Europe"
"172","HUN","HUNGARY",2007,10,1,5355,5355,13758.82454,99.00731659,89.72605,4.590000153,NA,32.42803953,53.3,21.41584754,100,110.0335799,55.75864072,0.162836411,0.471975977,NA,95.02565002,5.8,7.19,18,7.21529293,3.5,7.41,73.15121951,67.421,NA,NA,1.26721425125684,"Europe","Eastern Europe"
"173","HUN","HUNGARY",2008,10,1,5356,5356,13928.80032,100.6412506,91.18075,4.320000172,NA,30.96514395,61,23.28705589,100,122.34113,56.40803583,0.198036718,0.638041777,NA,96.5894165,5.5,7.11,16,7.09688091,3.6,7.82,73.70243902,67.943,NA,NA,1.17976756209114,"Europe","Eastern Europe"
"174","HUN","HUNGARY",2009,10,1,5357,5357,13015.77979,101.0737686,91.91353,4.610000134,NA,30.81182585,62,23.34930213,100,118.4050126,56.77299539,0.126445486,0.51892226,NA,96.79566193,5.2,7.14,15,7.2392807,3.6,10.03,73.90487805,68.46,NA,NA,1.125985152169,"Europe","Eastern Europe"
"175","HUN","HUNGARY",2010,10,1,5358,5358,13191.62126,100.856308,92.05381,4.539999962,NA,29.99015852,65,22.63194522,100,120.9970314,56.57094987,0.16307574,0.543327705,NA,97.10366058,5.1,7.18,18,7.5076437,3.2,11.17,74.20731707,68.911,NA,NA,1.02199035673629,"Europe","Eastern Europe"
"176","HUN","HUNGARY",2011,10,1,5359,5359,13485.31515,100.0155029,91.45924,4.889999866,NA,29.64235909,68.01998789,21.06860267,100,118.1317201,55.94080115,0.208496754,0.697803918,NA,98.72741699,4.9,7.19,15,7.52545595,3.1,11.03,74.85853659,69.358,NA,NA,1.03709056372928,"Europe","Eastern Europe"
"177","HUN","HUNGARY",2012,10,1,5360,5360,13367.99312,99.69792938,90.78135,5.059999943,NA,30.01343828,70.57999815,22.92809878,100,117.386504,55.15364084,0.221260874,0.642447248,NA,97.53672791,4.8,7,14,7.44883251,2.9,11,75.06341463,69.678,NA,NA,1.02649856116043,"Europe","Eastern Europe"
"178","HUN","HUNGARY",2013,10,1,5361,5361,13654.28619,99.98496246,90.77126,4.78000021,NA,30.28311285,72.6439,22.91402506,100,117.8606544,55.393854,0.17638387,0.517336716,NA,97.71341705,4.7,7.04,12,7.24911928,2.9,10.18,75.56585366,69.953,NA,NA,0.943403779328103,"Europe","Eastern Europe"
"179","HUN","HUNGARY",2014,10,1,5362,5362,14270.10814,101.8569183,91.07825,4.679999828,NA,30.71143054,75.65319745,23.06238149,100,119.5971623,54.78397008,0.146273774,0.39971111,99.09999847,96.46964264,4.5,6.98,9.4,7.07047558,2.9,7.73,75.76341463,70.227,NA,NA,0.857809630794751,"Europe","Eastern Europe"
"180","HUN","HUNGARY",2015,10,1,5363,5363,14850.4252,102.325119,91.23812,4.900000095,NA,31.64504364,72.83473703,23.25368296,100,101.2544484,54.04544706,0.072450627,0.281004931,NA,96.9503479,4.3,6.99,10,6.88948917,3,6.81,75.56829268,70.5,NA,NA,0.904722073336147,"Europe","Eastern Europe"
"181","MDA","MOLDOVA",1991,5,1,7901,7901,NA,93.03816986,NA,43.02999878,NA,11.33449903,0,NA,100,0,NA,NA,NA,NA,NA,27.7,13.11620045,NA,NA,NA,1.9,67.563,46.669,NA,NA,NA,"Europe","Eastern Europe"
"182","MDA","MOLDOVA",1992,5,1,7902,7902,NA,93.32588959,NA,41.15999985,NA,11.67514662,0,NA,100,0,NA,NA,NA,NA,NA,28.5,12.79030037,NA,NA,NA,3.7,67.408,46.575,NA,NA,NA,"Europe","Eastern Europe"
"183","MDA","MOLDOVA",1993,5,1,7903,7903,NA,92.35527039,NA,44.15999985,NA,11.9859872,0,NA,100,0,NA,NA,NA,NA,NA,29.4,12.48270035,NA,NA,NA,3.7,67.221,46.481,NA,NA,0.530067157581448,"Europe","Eastern Europe"
"184","MDA","MOLDOVA",1994,7,1,7904,7904,NA,91.32920837,NA,46.54999924,NA,12.51997977,0.000825391,NA,100,0,NA,NA,NA,NA,NA,30.4,12.2215004,NA,NA,NA,5.8,67.03,46.387,NA,NA,0.773794067290296,"Europe","Eastern Europe"
"185","MDA","MOLDOVA",1995,7,1,7905,7905,1623.892358,95.17842102,NA,45.04999924,NA,13.05037072,0.003457217,NA,100,0.000322536,33.14503801,0.019078686,0.295146155,NA,94.97669983,31.2,12.21000004,NA,NA,NA,5.3,66.867,46.294,NA,NA,0.925965936799738,"Europe","Eastern Europe"
"186","MDA","MOLDOVA",1996,7,1,7906,7906,1531.518984,94.39508057,NA,42.83000183,NA,13.74646305,0.004643901,12.08967623,100,0.021314932,37.50487652,0.026276852,0.291514977,NA,NA,31.4,12.13000011,NA,NA,NA,7.9,66.761,46.2,NA,NA,0.906693656299238,"Europe","Eastern Europe"
"187","MDA","MOLDOVA",1997,7,1,7907,7907,1562.512294,94.74524689,NA,41.56000137,NA,14.63058665,0.028128808,18.2831061,100,0.051324259,38.3251495,0.017262904,0.261967912,NA,NA,31,11.61999989,NA,NA,2.4,7.9,66.722,45.797,NA,NA,0.90277252095021,"Europe","Eastern Europe"
"188","MDA","MOLDOVA",1998,7,1,7908,7908,1460.879461,NA,NA,45.68000031,NA,15.45197042,0.260818206,18.08024084,100,0.164518679,43.30024195,0.004729881,0.219198026,NA,NA,29.9,11.22999954,NA,NA,2.2,10,66.752,45.394,NA,NA,0.624855228169175,"Europe","Eastern Europe"
"189","MDA","MOLDOVA",1999,7,1,7909,7909,1413.89173,99.72229004,NA,48.90999985,NA,13.14040393,0.600695269,15.05735397,100,0.425951926,49.49965727,0.023310111,0.350150813,NA,94.35630798,28.2,8.18999958,NA,NA,2.3,11.14,66.852,44.992,NA,NA,0.511299142949014,"Europe","Eastern Europe"
"190","MDA","MOLDOVA",2000,7,1,7910,7910,1446.631505,101.3763809,89.1081,50.86999893,NA,13.89147059,1.282846417,14.72574961,100,3.307430678,45.34314243,0.0459376,0.314870352,96.65380096,97.78652954,26.1,7.08,80,4.93830538,2.7,8.46,67.006,44.589,NA,NA,0.387282499272851,"Europe","Eastern Europe"
"191","MDA","MOLDOVA",2001,8,1,7911,7911,1538.312237,99.36110687,92.52591,51.02999878,NA,15.26512547,1.487812952,12.17120031,100,5.373656616,45.92366881,0.027925418,0.215539343,NA,97.26114655,23.7,6.9,99,5.19482327,2.6,7.29,67.185,44.189,NA,NA,0.402592316596498,"Europe","Eastern Europe"
"192","MDA","MOLDOVA",2002,8,1,7912,7912,1662.145354,99.47888947,91.36379,49.65000153,NA,17.21508869,3.787242799,12.88135437,99,8.094934937,47.93597743,0.025031923,0.2285,NA,97.14170074,21.5,6.75,104,6.1694479,2.8,6.8,67.362,43.789,NA,NA,0.419846587081724,"Europe","Eastern Europe"
"193","MDA","MOLDOVA",2003,8,1,7913,7913,1776.843225,99.48654175,92.66273,43,NA,18.95708262,7.407544584,14.67287013,100,11.40452316,48.51140519,0.02361348,0.260763338,NA,95.38089752,19.5,6.67,119,5.85097837,3.1,7.95,67.521,43.389,NA,NA,0.416381264465176,"Europe","Eastern Europe"
"194","MDA","MOLDOVA",2004,8,1,7914,7914,1913.057685,99.82285309,92.37394,40.49000168,NA,20.71455117,10.62939084,16.35739261,99.1,18.88214351,49.88069431,0.023257186,0.212049521,98.35849762,96.22393799,18,6.41,133,7.47486877,3,8.17,67.665,42.99,NA,NA,0.360979036536125,"Europe","Eastern Europe"
"195","MDA","MOLDOVA",2005,9,1,7915,7915,2061.547138,97.89131165,90.98955,40.65000153,NA,22.34514375,14.63027046,18.48533942,98.6,26.20156839,50.41155052,0.036152716,0.192526416,NA,99.48995209,16.8,6.39,142,7.96396065,2.8,7.29,67.82,42.775,99.7098326683044,93.1704521179199,0.400235101204801,"Europe","Eastern Europe"
"196","MDA","MOLDOVA",2006,9,1,7916,7916,2166.514595,96.65267181,87.78561,33.59999847,NA,24.55395398,19.62064771,19.57121151,100,32.75603465,52.64903249,0.029895689,0.202317817,NA,98.03025818,16,6.27,138,8.78570271,2.8,7.38,68.022,42.744,NA,NA,0.48263447637712,"Europe","Eastern Europe"
"197","MDA","MOLDOVA",2007,9,1,7917,7917,2236.686865,94.41767883,87.5708,32.75999832,NA,26.14620923,20.45,20.56653565,100,45.58760293,55.9735991,0.051280875,0.199004104,98.62229156,92.91346741,15.5,6.12,135,9.18260098,3,5.07,68.302,42.713,NA,NA,0.516193541658915,"Europe","Eastern Europe"
"198","MDA","MOLDOVA",2008,9,1,7918,7918,2415.742967,94.02986908,87.71829,31.05999947,NA,27.09928369,23.39,20.44594895,100,58.92244652,56.42998474,0.097905938,0.218667576,NA,91.37654877,15.2,6.11,125,9.1230526,2.9,3.98,68.671,42.682,NA,NA,0.6085356171256,"Europe","Eastern Europe"
"199","MDA","MOLDOVA",2009,9,1,7919,7919,2273.666663,93.57756042,87.51561,28.17000008,NA,27.79070159,27.5,17.68531332,100,52.13909982,60.04977213,0.065408499,0.202606505,99.06996155,92.81584167,14.9,6.15,125,11.39545822,3.1,6.4,69.119,42.651,NA,NA,0.457886649076119,"Europe","Eastern Europe"
"200","MDA","MOLDOVA",2010,9,1,7920,7920,2437.529978,93.54077911,87.59101,27.52000046,NA,28.4171557,32.3,15.16064079,100,62.42147427,54.53671793,0.047504004,0.138982765,99.0231781,91.97969818,14.7,6.18,116,10.13112831,3.3,7.45,69.616,42.62,NA,NA,0.262879174562087,"Europe","Eastern Europe"
"201","MDA","MOLDOVA",2011,9,1,7921,7921,2580.84131,93.60298157,87.81111,27.53000069,NA,28.92634373,38,15.24032716,100,78.87059701,53.5724496,0.070371042,0.17324646,NA,91.09963226,14.4,6.19,119,9.09670353,3.5,6.68,70.119,42.589,NA,NA,0.272949600366091,"Europe","Eastern Europe"
"202","MDA","MOLDOVA",2012,9,1,7922,7922,2565.957673,93.79797363,87.92876,26.45000076,NA,29.58353288,43.37,15.59534633,100,87.94042801,54.45116497,0.056095268,0.172639648,99.13831329,89.63884735,14.2,6.23,124,9.13962078,3.8,5.58,70.581,42.558,99.1699516773224,96.6485202312469,0.27407991661782,"Europe","Eastern Europe"
"203","MDA","MOLDOVA",2013,9,1,7923,7923,2798.769176,93.76831055,87.85464,28.80999947,NA,29.9778309,60,15.46963596,100,90.72895905,52.79920282,0.041917247,0.284722031,NA,93.03943634,13.9,5.83,127,8.68300343,3.9,5.1,70.968,42.527,NA,NA,0.281261545863777,"Europe","Eastern Europe"
"204","MDA","MOLDOVA",2014,9,1,7924,7924,2940.489002,93.06421661,87.14635,30.47999954,NA,29.90798612,67,16.63749486,100,91.7690032,52.28281443,0.030442972,0.305678877,99.3598938,91.96939087,13.7,5.66,115,8.63275719,4.2,3.86,71.267,42.496,NA,NA,0.293185446371091,"Europe","Eastern Europe"
"205","MDA","MOLDOVA",2015,9,1,7925,7925,2953.722656,92.41278076,86.85478,34.15000153,NA,29.53953865,69.00000447,16.40123682,100,91.21617904,52.98189393,0.013649652,0.329729603,NA,90.90860748,13.4,NA,102,8.55763531,4.1,3.69,71.478,42.49,NA,NA,0.295624501341201,"Europe","Eastern Europe"
"206","POL","POLAND",1950,-7,0,NA,NA,NA,NA,NA,NA,NA,NA,NA,NA,NA,NA,NA,NA,NA,NA,NA,NA,NA,NA,NA,NA,NA,NA,NA,NA,NA,NA,"Europe","Eastern Europe"
"207","POL","POLAND",1951,-7,0,NA,NA,NA,NA,NA,NA,NA,NA,NA,NA,NA,NA,NA,NA,NA,NA,NA,NA,NA,NA,NA,NA,NA,NA,NA,NA,NA,NA,"Europe","Eastern Europe"
"208","POL","POLAND",1952,-7,0,NA,NA,NA,NA,NA,NA,NA,NA,NA,NA,NA,NA,NA,NA,NA,NA,NA,NA,NA,NA,NA,NA,NA,NA,NA,NA,NA,NA,"Europe","Eastern Europe"
"209","POL","POLAND",1953,-7,0,NA,NA,NA,NA,NA,NA,NA,NA,NA,NA,NA,NA,NA,NA,NA,NA,NA,NA,NA,NA,NA,NA,NA,NA,NA,NA,NA,NA,"Europe","Eastern Europe"
"210","POL","POLAND",1954,-7,0,NA,NA,NA,NA,NA,NA,NA,NA,NA,NA,NA,NA,NA,NA,NA,NA,NA,NA,NA,NA,NA,NA,NA,NA,NA,NA,NA,NA,"Europe","Eastern Europe"
"211","POL","POLAND",1955,-7,0,NA,NA,NA,NA,NA,NA,NA,NA,NA,NA,NA,NA,NA,NA,NA,NA,NA,NA,NA,NA,NA,NA,NA,NA,NA,NA,NA,NA,"Europe","Eastern Europe"
"212","POL","POLAND",1956,-7,0,NA,NA,NA,NA,NA,NA,NA,NA,NA,NA,NA,NA,NA,NA,NA,NA,NA,NA,NA,NA,NA,NA,NA,NA,NA,NA,NA,NA,"Europe","Eastern Europe"
"213","POL","POLAND",1957,-7,0,NA,NA,NA,NA,NA,NA,NA,NA,NA,NA,NA,NA,NA,NA,NA,NA,NA,NA,NA,NA,NA,NA,NA,NA,NA,NA,NA,NA,"Europe","Eastern Europe"
"214","POL","POLAND",1958,-7,0,NA,NA,NA,NA,NA,NA,NA,NA,NA,NA,NA,NA,NA,NA,NA,NA,NA,NA,NA,NA,NA,NA,NA,NA,NA,NA,NA,NA,"Europe","Eastern Europe"
"215","POL","POLAND",1959,-7,0,NA,NA,NA,NA,NA,NA,NA,NA,NA,NA,NA,NA,NA,NA,NA,NA,NA,NA,NA,NA,NA,NA,NA,NA,NA,NA,NA,NA,"Europe","Eastern Europe"
"216","POL","POLAND",1960,-7,0,9517,9517,NA,NA,NA,NA,NA,1.807247813,NA,NA,NA,0,NA,NA,NA,NA,NA,57.8,4.599999905,NA,NA,NA,NA,67.6804878,47.892,NA,NA,NA,"Europe","Eastern Europe"
"217","POL","POLAND",1961,-7,0,9518,9518,NA,NA,NA,NA,NA,1.80725,NA,NA,NA,NA,NA,NA,NA,NA,NA,53.3,NA,NA,NA,NA,NA,67.77804878,48.527,NA,NA,NA,"Europe","Eastern Europe"
"218","POL","POLAND",1962,-7,0,9519,9519,NA,NA,NA,NA,NA,1.80725,NA,NA,NA,NA,NA,NA,NA,NA,NA,49.8,NA,NA,NA,NA,NA,67.42682927,48.926,NA,NA,NA,"Europe","Eastern Europe"
"219","POL","POLAND",1963,-7,0,9520,9520,NA,NA,NA,NA,NA,1.80725,NA,NA,NA,NA,NA,NA,NA,NA,NA,46.5,NA,NA,NA,NA,NA,68.37560976,49.326,NA,NA,NA,"Europe","Eastern Europe"
"220","POL","POLAND",1964,-7,0,9521,9521,NA,NA,NA,NA,NA,1.80725,NA,NA,NA,NA,NA,NA,NA,NA,NA,43.4,NA,NA,NA,NA,NA,68.62926829,49.727,NA,NA,NA,"Europe","Eastern Europe"
"221","POL","POLAND",1965,-7,0,9522,9522,NA,NA,NA,NA,NA,2.499927697,NA,NA,NA,0,NA,NA,NA,NA,NA,40.4,NA,NA,NA,NA,NA,69.42926829,50.126,NA,NA,NA,"Europe","Eastern Europe"
"222","POL","POLAND",1966,-7,0,9523,9523,NA,NA,NA,NA,NA,2.49993,NA,NA,NA,NA,NA,NA,NA,NA,NA,37.9,NA,NA,NA,NA,NA,69.82682927,50.526,NA,NA,NA,"Europe","Eastern Europe"
"223","POL","POLAND",1967,-7,0,9524,9524,NA,NA,NA,NA,NA,2.49993,NA,NA,NA,NA,NA,NA,NA,NA,NA,35.8,NA,NA,NA,NA,NA,69.42439024,50.926,NA,NA,NA,"Europe","Eastern Europe"
"224","POL","POLAND",1968,-7,0,9525,9525,NA,NA,NA,NA,NA,2.49993,NA,NA,NA,NA,NA,NA,NA,NA,NA,34.3,NA,NA,NA,NA,NA,70.2195122,51.326,NA,NA,NA,"Europe","Eastern Europe"
"225","POL","POLAND",1969,-7,0,9526,9526,NA,NA,NA,NA,NA,2.49993,NA,NA,NA,NA,NA,NA,NA,NA,NA,33.2,NA,NA,NA,NA,NA,69.7195122,51.726,NA,NA,NA,"Europe","Eastern Europe"
"226","POL","POLAND",1970,-7,0,9527,9527,NA,NA,NA,NA,NA,3.278260799,NA,NA,NA,0,NA,NA,NA,NA,NA,32,5.199999809,NA,NA,NA,NA,69.86829268,52.125,NA,NA,NA,"Europe","Eastern Europe"
"227","POL","POLAND",1971,-7,0,9528,9528,NA,100.5170898,NA,NA,NA,3.27826,NA,NA,NA,NA,NA,NA,NA,NA,94.29238892,30.4,NA,NA,NA,NA,NA,69.61219512,52.668,NA,NA,NA,"Europe","Eastern Europe"
"228","POL","POLAND",1972,-7,0,9529,9529,NA,101.2303467,NA,NA,NA,3.27826,NA,NA,NA,NA,NA,NA,NA,NA,93.03404999,28.5,NA,NA,NA,NA,NA,70.66585366,53.324,NA,NA,NA,"Europe","Eastern Europe"
"229","POL","POLAND",1973,-7,0,9530,9530,NA,102.2829437,NA,NA,NA,3.27826,NA,NA,NA,NA,NA,NA,NA,NA,92.1947937,26.9,NA,NA,NA,NA,NA,70.66341463,53.977,NA,NA,NA,"Europe","Eastern Europe"
"230","POL","POLAND",1974,-7,0,9531,9531,NA,102.7574463,NA,NA,NA,3.27826,NA,NA,NA,NA,NA,NA,NA,NA,95.38632202,25.5,NA,NA,NA,NA,NA,71.11707317,54.629,NA,NA,NA,"Europe","Eastern Europe"
"231","POL","POLAND",1975,-7,0,9532,9532,NA,102.3323898,NA,NA,NA,4.079983694,NA,NA,NA,0,NA,NA,NA,NA,97.10286713,24.5,NA,NA,NA,NA,NA,70.56097561,55.28,NA,NA,NA,"Europe","Eastern Europe"
"232","POL","POLAND",1976,-7,0,9533,9533,NA,101.8725128,NA,NA,NA,4.575951159,NA,NA,NA,0,NA,NA,NA,NA,100.5487518,23.7,NA,NA,NA,NA,NA,70.65609756,55.929,NA,NA,NA,"Europe","Eastern Europe"
"233","POL","POLAND",1977,-7,0,9534,9534,NA,101.2387085,NA,NA,NA,4.833499396,NA,NA,NA,0,NA,NA,NA,NA,100.3770599,23.1,NA,NA,NA,NA,NA,70.40243902,56.575,NA,NA,NA,"Europe","Eastern Europe"
"234","POL","POLAND",1978,-7,0,9535,9535,NA,100.7705917,NA,NA,NA,5.045032216,NA,NA,NA,0,NA,NA,NA,98.74273682,98.45498657,22.4,NA,NA,NA,NA,NA,70.35121951,57.22,NA,NA,NA,"Europe","Eastern Europe"
"235","POL","POLAND",1979,-7,0,9536,9536,NA,100.5321884,NA,NA,NA,5.259981397,NA,NA,NA,0,NA,NA,NA,NA,96.84320068,21.7,NA,NA,NA,NA,NA,70.75121951,57.712,NA,NA,NA,"Europe","Eastern Europe"
"236","POL","POLAND",1980,-6,0,9537,9537,NA,100.6014404,NA,NA,NA,5.46712242,NA,NA,NA,0,NA,NA,NA,NA,96.04775238,21,5.599999905,NA,NA,NA,NA,70.09756098,58.086,NA,NA,2.65232974910394,"Europe","Eastern Europe"
"237","POL","POLAND",1981,-8,0,9538,9538,NA,101.0002365,NA,NA,NA,5.638481524,NA,NA,NA,0,NA,NA,NA,NA,94.34764099,20.4,NA,NA,NA,NA,NA,71.05121951,58.459,NA,NA,2.91318561569197,"Europe","Eastern Europe"
"238","POL","POLAND",1982,-8,0,9539,9539,NA,101.900589,NA,NA,NA,5.821370057,NA,NA,NA,0,NA,NA,NA,NA,94.04180145,19.9,NA,NA,NA,NA,NA,71.10243902,58.831,NA,NA,3.24558240173098,"Europe","Eastern Europe"
"239","POL","POLAND",1983,-7,0,9540,9540,NA,102.6817627,NA,NA,NA,6.064835877,NA,NA,NA,0,NA,NA,NA,NA,94.91377258,19.3,NA,NA,NA,NA,NA,71,59.202,NA,NA,2.90294627383016,"Europe","Eastern Europe"
"240","POL","POLAND",1984,-7,0,9541,9541,NA,103.1873093,NA,NA,NA,6.372670665,NA,NA,NA,0,NA,NA,NA,NA,93.8345871,18.5,NA,NA,NA,NA,NA,70.8,59.573,NA,NA,3.05503731343284,"Europe","Eastern Europe"
"241","POL","POLAND",1985,-7,0,9542,9542,NA,103.218399,NA,NA,NA,6.698604266,NA,NA,NA,0,NA,NA,NA,NA,95.82993317,17.8,5.699999809,NA,NA,NA,NA,70.54878049,59.942,NA,NA,3.01579703207276,"Europe","Eastern Europe"
"242","POL","POLAND",1986,-7,0,9543,9543,NA,102.8634491,NA,NA,NA,7.026618086,NA,NA,NA,0,NA,NA,NA,NA,97.15325928,17.1,NA,NA,NA,NA,NA,70.84878049,60.31,NA,NA,2.94140353586042,"Europe","Eastern Europe"
"243","POL","POLAND",1987,-6,0,9544,9544,NA,102.7406006,NA,NA,NA,7.38969087,NA,NA,NA,0,NA,NA,NA,NA,98.76708221,16.5,NA,NA,NA,NA,NA,70.89756098,60.676,NA,NA,2.76269185360094,"Europe","Eastern Europe"
"244","POL","POLAND",1988,-6,0,9545,9545,NA,102.2065811,NA,NA,NA,7.832928654,NA,NA,NA,0,NA,NA,NA,98.74273682,100.0841293,16,NA,NA,NA,NA,NA,71.33170732,61.043,NA,NA,2.59205508117047,"Europe","Eastern Europe"
"245","POL","POLAND",1989,5,1,9546,9546,NA,100.4916916,NA,NA,NA,8.258493489,NA,NA,NA,0,NA,NA,NA,NA,100.9047928,15.6,NA,NA,NA,NA,NA,71.04390244,61.225,NA,NA,1.81712151049282,"Europe","Eastern Europe"
"246","POL","POLAND",1990,5,1,9547,9547,5947.445969,99.19509125,NA,NA,NA,8.674876864,0,NA,100,0,NA,0.015481178,3.422487982,NA,97.80934143,15.2,5.699999809,NA,NA,NA,NA,70.8902439,61.27,NA,NA,2.61248574350627,"Europe","Eastern Europe"
"247","POL","POLAND",1991,8,1,9548,9548,5510.618493,98.85025787,NA,25.56999969,NA,9.361917045,0.005229468,NA,100,0,NA,0.008341761,2.166202665,NA,96.11871338,14.8,5.699999809,NA,NA,NA,13.66,70.58780488,61.315,NA,NA,2.25165022520211,"Europe","Eastern Europe"
"248","POL","POLAND",1992,8,1,9549,9549,5631.910835,98.49343109,NA,25.12999916,NA,10.30992874,0.052127181,NA,100,0.005746436,NA,0.008632156,1.738092665,NA,97.15763092,14.3,5.599999905,NA,NA,NA,13.65,71.0902439,61.359,NA,NA,2.23099944320713,"Europe","Eastern Europe"
"249","POL","POLAND",1993,8,1,9550,9550,5827.60187,99.67344666,NA,24.5,NA,11.52909754,0.129961704,NA,100,0.040988111,NA,0.012830122,1.255037475,NA,99.23616791,13.9,5.599999905,NA,NA,NA,14.39,71.59512195,61.404,NA,NA,2.46918731544486,"Europe","Eastern Europe"
"250","POL","POLAND",1994,8,1,9551,9551,6123.111141,99.19120026,NA,23.70999908,NA,13.04028003,0.389098144,22.78268073,100,0.101439283,NA,0.010223801,0.958411337,NA,95.66346741,13.4,5.599999905,NA,NA,NA,14.83,71.69512195,61.449,NA,NA,2.27323210335054,"Europe","Eastern Europe"
"251","POL","POLAND",1995,9,1,9552,9552,6549.132907,97.61652374,NA,22.87999916,NA,14.89521548,0.647752333,22.36915319,100,0.195014706,49.14623544,0.008169765,1.083170456,NA,95.18718719,12.6,5.5,NA,NA,NA,13.7,71.89268293,61.493,NA,NA,1.95550705469987,"Europe","Eastern Europe"
"252","POL","POLAND",1996,9,1,9553,9553,6944.352448,97.68398285,NA,21.97999954,NA,16.96299833,1.295200255,21.65585776,100,0.563235215,50.65235461,0.011072932,0.813002853,NA,97.98770905,11.6,5.5,NA,NA,NA,12.68,72.24634146,61.538,NA,NA,1.96791940080864,"Europe","Eastern Europe"
"253","POL","POLAND",1997,9,1,9554,9554,7387.360885,99.26991272,NA,21.06999969,NA,19.4838007,2.073465474,20.90485321,100,2.107156182,52.29227183,0.010531259,0.796515535,NA,99.1314621,10.4,5.400000095,NA,NA,NA,10.96,72.64634146,61.583,NA,NA,2.03130669657497,"Europe","Eastern Europe"
"254","POL","POLAND",1998,9,1,9555,9555,7727.417992,100.0875931,NA,20.26000023,NA,22.85109802,4.102272002,20.15275826,100,4.999565011,53.65152206,0.003011643,0.476736719,98.74273682,97.37574005,9.4,5.300000191,NA,NA,NA,9.94,72.99756098,61.627,NA,NA,2.01908131442398,"Europe","Eastern Europe"
"255","POL","POLAND",1999,9,1,9556,9556,8087.787386,99.08300018,96.92873,19.45000076,NA,26.38258276,5.45644373,18.0642818,100,10.25854329,54.49512994,0.013472255,0.411708418,NA,96.56999969,8.6,5.099999905,NA,NA,NA,12.29,73.04390244,61.672,NA,NA,1.90113577122386,"Europe","Eastern Europe"
"256","POL","POLAND",2000,9,1,9557,9557,8545.45223,98.55718231,96.5775,18.67000008,NA,28.38824118,7.285428708,16.96083946,100,17.49890739,56.8358934,0.043946171,0.613529714,NA,95.68995667,8.1,4.900000095,33,5.29816675,NA,16.31,73.74878049,61.716,NA,NA,1.83033658531361,"Europe","Eastern Europe"
"257","POL","POLAND",2001,9,1,9558,9558,8655.381855,98.12753296,96.31324,19.20000076,NA,29.58765553,9.900669707,16.05595562,100,25.966181,58.26283223,0.033059308,0.777242738,NA,97.52599335,7.6,NA,30,5.6786437,NA,18.37,74.2,61.761,NA,NA,1.90563800121799,"Europe","Eastern Europe"
"258","POL","POLAND",2002,10,1,9559,9559,8835.688726,97.06549072,95.41977,19.62999916,NA,30.8175707,21.15,16.84075872,100,36.11057307,58.85813345,0.030398351,0.565156618,NA,97.12104797,7.3,5.599999905,30,6.07919645,NA,19.9,74.49756098,61.787,NA,NA,1.90063864932514,"Europe","Eastern Europe"
"259","POL","POLAND",2003,10,1,9560,9560,9150.970542,96.0068512,94.48538,18.20000076,NA,31.97676052,24.87,16.72132038,100,45.26637966,58.04412903,0.036177102,0.601208646,NA,97.93739319,7,6.68,30,5.96231365,NA,19.37,74.59756098,61.676,NA,NA,1.90804203657513,"Europe","Eastern Europe"
"260","POL","POLAND",2004,10,1,9561,9561,9612.570059,95.18025208,93.68903,17.61000061,NA,32.69172265,32.53,15.68968086,100,60.14669492,56.3918203,0.047890064,1.446070091,NA,98.0164032,6.8,6.67,26,5.8686347,1.9,19.07,74.84634146,61.564,NA,NA,1.8732410064926,"Europe","Eastern Europe"
"261","POL","POLAND",2005,10,1,9562,9562,9954.041963,94.52987671,93.08055,17.37999916,NA,30.84849418,38.81,16.47380695,100,76.01561096,56.32227192,0.055366466,1.181092835,NA,94.62142944,6.5,6.52,25,5.80728388,2.4,17.75,74.99512195,61.452,NA,NA,1.92612986992008,"Europe","Eastern Europe"
"262","POL","POLAND",2006,10,1,9563,9563,10571.03541,94.56269073,93.13525,15.78999996,NA,29.91989978,44.58,17.15510398,100,95.80493007,56.18782324,0.055768077,1.606165476,NA,93.37822723,6.3,6.47,24,5.8007226,2.6,13.84,75.14390244,61.341,NA,NA,1.92075038034244,"Europe","Eastern Europe"
"263","POL","POLAND",2007,10,1,9564,9564,11323.66135,94.68036652,93.21407,14.75,NA,27.35242758,48.6,18.08653079,100,107.9143985,55.56594145,0.044456902,1.371749419,NA,93.11898804,6.1,6.42,24,5.87294197,2.7,9.6,75.24390244,61.229,NA,NA,2.00203282841042,"Europe","Eastern Europe"
"264","POL","POLAND",2008,10,1,9565,9565,11797.64186,94.79737091,93.39226,13.97000027,NA,24.64734141,53.13,18.26736913,100,114.5204528,55.98391687,0.052222429,2.049070742,98.74273682,NA,5.8,6.62,22,6.37348223,2.8,7.12,75.54390244,61.116,NA,NA,1.75213971068109,"Europe","Eastern Europe"
"265","POL","POLAND",2009,10,1,9566,9566,12123.55476,95.52590942,94.08139,13.28999996,NA,22.14609825,58.97,16.0518941,100,116.8302309,56.69524972,0.029308209,1.165162058,NA,92.85269165,5.5,6.65,23,6.58686304,2.8,8.17,75.69512195,61.004,NA,NA,1.79741622783841,"Europe","Eastern Europe"
"266","POL","POLAND",2010,10,1,9567,9567,12613.011,96.52896118,94.57285,13.05000019,NA,20.00294497,62.32,16.47765758,100,122.4951194,56.2700609,0.040169943,1.623102422,NA,93.47019196,5.1,6.61,21,6.4190917,2.8,9.64,76.24634146,60.892,NA,NA,1.84785215509548,"Europe","Eastern Europe"
"267","POL","POLAND",2011,10,1,9568,9568,13205.98967,97.48153687,94.67055,12.90999985,NA,17.89805743,61.94999897,16.65566737,100,131.0116839,55.20654515,0.053775486,1.970780926,NA,93.63150024,4.9,6.63,24,6.23382092,2.8,9.63,76.69512195,60.78,NA,NA,1.80318361835199,"Europe","Eastern Europe"
"268","POL","POLAND",2012,10,1,9569,9569,13380.9866,99.98213196,95.46034,12.57999992,NA,15.56724083,62.30999727,15.99342631,100,141.4867678,56.16153826,0.059181024,1.428048151,NA,94.65113068,4.7,6.63,21,6.20108318,2.8,10.09,76.74634146,60.654,NA,NA,1.81467677038876,"Europe","Eastern Europe"
"269","POL","POLAND",2013,10,1,9570,9570,13539.79561,100.3344498,96.00958,12,NA,21.64007319,62.8492,15.58901188,100,149.3074631,57.24626592,0.073441633,0.99165149,NA,96.64031982,4.5,6.61,21,6.3754797,2.7,10.33,77,60.529,NA,NA,1.79844993577184,"Europe","Eastern Europe"
"270","POL","POLAND",2014,10,1,9571,9571,14007.7285,100.1411438,96.0052,11.48999977,NA,25.54912515,66.6,15.61752737,100,149.3926992,56.5717104,0.063582542,0.812636832,NA,96.91201782,4.3,6.63,20,6.35254002,2.7,8.99,77.60243902,60.403,NA,NA,1.91903675982857,"Europe","Eastern Europe"
"271","POL","POLAND",2015,10,1,9572,9572,14610.8752,NA,NA,11.52999973,NA,23.80404163,67.99698716,15.68686456,100,143.3904315,56.22304443,0.029105598,0.717581436,NA,100.0444031,4.2,6.63,19,6.39785814,2.8,7.5,77.45121951,60.278,NA,NA,2.1405458303192,"Europe","Eastern Europe"
"272","RUS","RUSSIA",1992,5,1,9854,9854,7737.481414,110.4413605,NA,15.42000008,NA,15.41027832,0.000672532,NA,100,0.00404671,48.72571226,4.219441089,8.372855155,NA,NA,18.5,12.23429966,NA,NA,NA,5.18,66.87317073,73.385,NA,NA,4.42703232125367,"Europe","Eastern Europe"
"273","RUS","RUSSIA",1993,3,1,9855,9855,7070.53517,109.4814301,NA,15.56000042,NA,15.82164898,0.013447238,NA,100,0.006739744,42.84644965,3.812216101,7.463997951,NA,NA,18.6,12.19589996,NA,NA,1.7,5.88,64.93585366,73.381,NA,NA,4.18132464712269,"Europe","Eastern Europe"
"274","RUS","RUSSIA",1994,3,1,9856,9856,6183.904885,107.1764679,96.84388,16.14999962,NA,16.24358328,0.053817493,NA,100,0.018701789,44.83260843,3.51823496,6.582894518,NA,94.07672119,18.6,11.96119976,NA,NA,NA,8.13,64.46707317,73.376,NA,NA,4.5237006553879,"Europe","Eastern Europe"
"275","RUS","RUSSIA",1995,3,1,9857,9857,5928.956436,107.8706512,93.30283,15.77999973,NA,16.87871666,0.148151042,NA,100,0.059723075,52.22880346,4.144310043,7.309658709,NA,92.1367569,18.6,11.86999989,NA,NA,NA,9.45,64.69073171,73.372,NA,NA,3.78442996742671,"Europe","Eastern Europe"
"276","RUS","RUSSIA",1996,3,1,9858,9858,5714.625975,108.4834595,NA,15.27000046,NA,17.507338,0.26975293,NA,100,0.150655806,49.41665487,5.753357549,9.108981478,NA,NA,18.4,11.63000011,NA,NA,1.6,9.67,65.85414634,73.367,NA,NA,3.75655882080282,"Europe","Eastern Europe"
"277","RUS","RUSSIA",1997,3,1,9859,9859,5804.214782,106.3218002,NA,12.15999985,NA,19.12302401,0.472963763,NA,100,0.328222391,50.59521523,4.446915389,7.476705861,NA,NA,18.1,11.34000015,NA,NA,2.4,11.81,66.69878049,73.363,NA,NA,4.03980929678188,"Europe","Eastern Europe"
"278","RUS","RUSSIA",1998,3,1,9860,9860,5505.697258,103.7480164,NA,11.68999958,NA,19.84655275,0.812744451,NA,100,0.507028324,51.82491939,1.677440685,4.409816759,NA,NA,17.7,11.10999966,NA,NA,2.4,13.26,67.0297561,73.359,NA,NA,2.73264908865687,"Europe","Eastern Europe"
"279","RUS","RUSSIA",1999,3,0,9861,9861,5876.202924,102.9470978,NA,15.01000023,NA,21.06579127,1.018984614,11.24287265,100,0.932935006,49.88976793,7.897813171,11.5226513,NA,90.25971222,17.1,10.85000038,NA,NA,2.4,13.04,65.98219512,73.354,NA,NA,3.07328792235108,"Europe","Eastern Europe"
"280","RUS","RUSSIA",2000,6,0,9862,9862,6491.072227,102.7909317,NA,14.48999977,NA,21.9050041,1.977230109,13.72553445,100,2.228887102,49.71770944,14.50860663,22.01129827,NA,90.436203,16.5,11.4,95,5.01481104,2.5,10.58,65.48365854,73.35,NA,NA,3.30702983667541,"Europe","Eastern Europe"
"281","RUS","RUSSIA",2001,6,0,9863,9863,6851.113637,106.0829468,NA,12.05000019,NA,22.81974592,2.944367787,15.7786996,100,5.314723089,51.46595396,9.794072267,20.22067933,NA,92.26701355,15.7,11.33,92,5.23752975,2.6,8.98,65.38341463,73.346,NA,NA,3.54631922908818,"Europe","Eastern Europe"
"282","RUS","RUSSIA",2002,6,0,9864,9864,7206.189511,113.9455414,NA,11.34000015,NA,24.4463925,4.128271818,13.63496607,100,12.12593129,53.84374139,10.09186285,17.62313249,99.44097137,NA,14.8,11.15,90,5.51606607,2.6,7.88,65.12878049,73.341,NA,NA,3.75627739108018,"Europe","Eastern Europe"
"283","RUS","RUSSIA",2003,6,0,9865,9865,7767.405042,121.0511475,NA,10.80000019,NA,24.9635432,8.298860616,13.3140302,100,24.98783944,53.81745508,10.62505115,17.43132177,NA,NA,13.8,11.04,88,5.15845108,2.4,8.21,65.02756098,73.373,NA,NA,3.67083808960104,"Europe","Eastern Europe"
"284","RUS","RUSSIA",2004,6,0,9866,9866,8360.25165,NA,NA,10.47999954,NA,26.72114671,12.8593889,13.23402539,100,51.16733273,50.65827059,11.46027285,16.77694284,NA,NA,12.8,11.13,87,4.755548,2.3,7.76,65.47097561,73.418,NA,NA,3.30035364660483,"Europe","Eastern Europe"
"285","RUS","RUSSIA",2005,6,0,9867,9867,8929.301054,95.22628784,NA,10.14000034,NA,27.91077428,15.2266732,16.62290968,100,83.52351405,48.80604449,13.16938712,17.81082566,NA,NA,11.9,11.01,88,4.76693487,2.3,7.12,65.5297561,73.463,NA,NA,3.33123723441659,"Europe","Eastern Europe"
"286","RUS","RUSSIA",2006,6,0,9868,9868,9693.197844,94.99945831,90.00407,9.880000114,NA,30.61297297,18.02327746,16.56821576,100,105.0701387,49.72147556,12.47874823,18.94699677,NA,NA,11,10.9,88,4.76170969,2.3,7.06,66.72756098,73.508,NA,NA,3.24635723405838,"Europe","Eastern Europe"
"287","RUS","RUSSIA",2007,4,0,9869,9869,10535.1258,95.68132782,90.42511,8.989999771,NA,31.56237145,24.66,16.55131306,100,119.4978199,50.67304761,10.59931949,16.53265247,NA,90.66230011,10.2,10.71,90,4.74311066,2.3,6,67.58682927,73.553,NA,NA,3.1185420747754,"Europe","Eastern Europe"
"288","RUS","RUSSIA",2008,4,0,9870,9870,11087.82105,97.58451843,92.46538,8.529999733,NA,31.79035318,26.83,15.81806782,100,139.2838126,50.69568778,11.589874,18.73145331,NA,93.29714203,9.6,9.85,90,4.89866781,2.4,6.21,67.94926829,73.598,NA,NA,3.14948602002222,"Europe","Eastern Europe"
"289","RUS","RUSSIA",2009,4,0,9871,9871,10219.89424,99.36152649,94.06098,8.270000458,NA,31.66160496,29,12.95635241,100,160.5071896,53.7665267,8.430604011,15.00791397,NA,98.38200378,9.2,9.68,89,5.63820267,2.6,8.3,68.68463415,73.642,NA,NA,3.92406340302834,"Europe","Eastern Europe"
"290","RUS","RUSSIA",2010,4,0,9872,9872,10674.99578,NA,NA,7.75,NA,31.30475068,43,13.04834885,100,165.6610167,53.12021224,9.929433754,15.54978944,99.68427277,NA,8.9,9.41,85,4.9660778,2.5,7.37,68.84121951,73.687,NA,NA,3.58508572012112,"Europe","Eastern Europe"
"291","RUS","RUSSIA",2011,4,0,9873,9873,11125.34459,101.0762329,95.35339,7.690000057,NA,30.72409993,49,13.95420368,100,141.7866096,53.79758316,11.418126,17.5953572,NA,97.11335754,8.7,9.42,81,4.79005241,2.6,6.54,69.68390244,73.732,NA,NA,3.43304383760131,"Europe","Eastern Europe"
"292","RUS","RUSSIA",2012,4,0,9874,9874,11553.57642,101.0206299,96.25961,7.329999924,NA,29.28484494,63.8,13.75467304,100,144.4957561,54.50964682,10.34237921,15.57223212,NA,97.71768951,8.4,9.3,77,4.94080353,2.5,5.44,70.07219512,73.791,NA,NA,3.68924043459907,"Europe","Eastern Europe"
"293","RUS","RUSSIA",2013,4,0,9875,9875,11731.38178,99.76957703,96.16903,6.989999771,NA,28.0429739,67.97,12.93349245,100,151.2556334,56.12160455,9.12265251,13.67075062,NA,100.1080017,8.1,9.07,73,5.07980919,2.6,5.46,70.57878049,73.863,NA,NA,3.85404258314373,"Europe","Eastern Europe"
"294","RUS","RUSSIA",2014,4,0,9876,9876,11608.75864,97.69432068,94.3729,6.71999979,NA,26.41455639,70.52,13.2553613,100,152.7878864,55.68483069,9.20040065,12.91419628,NA,99.93402863,7.6,8.81,70,5.18022871,2.6,5.16,70.74365854,73.95,NA,NA,4.11299297822323,"Europe","Eastern Europe"
"295","RUS","RUSSIA",2015,4,0,9877,9877,11355.2363,99.07290649,95.66588,6.710000038,NA,24.52206368,70.09924123,10.64209481,95.5,156.7665611,56.14249097,5.934759459,10.04341165,NA,100.2978516,7,8.35,67,5.29560423,2.8,5.57,71.18341463,74.05,NA,NA,4.87151474680202,"Europe","Eastern Europe"
"296","SVK","SLOVAKIA",1993,7,1,10587,10587,7821.120497,100.778389,NA,10.42000008,NA,16.69590931,0.127829232,NA,100,0.058441648,NA,0.020181806,0.832974496,NA,96.19185638,11.1,7.874000073,NA,NA,NA,12.2,72.44878049,56.659,NA,NA,1.99636032146556,"Europe","Eastern Europe"
"297","SVK","SLOVAKIA",1994,7,1,10588,10588,8273.794874,100.7921219,NA,10.17000008,NA,18.71803966,0.318509704,NA,100,0.110872931,NA,0.015201609,0.536356787,NA,98.25865173,10.6,7.099299908,NA,NA,NA,13.65,72.3,56.598,NA,NA,1.93951901446386,"Europe","Eastern Europe"
"298","SVK","SLOVAKIA",1995,7,1,10589,10589,8731.684602,99.93383026,NA,9.199999809,NA,20.80722244,0.523210163,23.24173885,100,0.229096246,56.59776407,0.014613244,0.484312515,NA,98.30158234,10.1,NA,NA,NA,NA,13.11,72.25365854,56.537,NA,NA,3.15455810787471,"Europe","Eastern Europe"
"299","SVK","SLOVAKIA",1996,7,1,10590,10590,9290.027548,98.84378052,NA,8.899999619,NA,23.14800508,0.783290109,21.41857791,100,0.532202939,56.67103318,0.018162983,0.478727647,NA,96.78701019,9.7,8.300000191,NA,NA,NA,11.34,72.65365854,56.476,NA,NA,2.9738286677448,"Europe","Eastern Europe"
"300","SVK","SLOVAKIA",1997,7,1,10591,10591,9822.387757,97.96108246,NA,9.170000076,NA,25.81731279,1.173381014,20.4621209,100,3.712343291,58.76883287,0.013046176,0.36630549,NA,95.72351074,9.3,8.100000382,NA,NA,NA,11.89,72.70487805,56.416,NA,NA,2.28311624477759,"Europe","Eastern Europe"
"301","SVK","SLOVAKIA",1998,9,1,10592,10592,10209.05601,101.1827698,NA,8.140000343,NA,28.53031572,2.689809786,20.16276134,100,8.625432649,57.94860733,0.002884856,0.332955516,NA,98.03057098,8.9,8,NA,NA,NA,12.19,72.55121951,56.355,NA,NA,1.74433653315927,"Europe","Eastern Europe"
"302","SVK","SLOVAKIA",1999,9,1,10593,10593,10187.84084,101.113327,NA,7.25,NA,30.66820213,5.437758139,19.74585658,100,12.30285151,58.43392209,0.011138043,0.360358846,NA,97.54325104,8.5,8,NA,NA,NA,15.95,72.90243902,56.294,NA,NA,1.57382654973916,"Europe","Eastern Europe"
"303","SVK","SLOVAKIA",2000,9,1,10594,10594,10320.64716,101.4938736,NA,6.940000057,NA,31.44870612,9.426803201,18.5017738,100,23.03551389,57.20541888,0.02369669,0.409103081,NA,96.26741791,8.2,7.86,22,5.30256939,NA,19.06,73.05121951,56.233,NA,NA,1.6553123819075,"Europe","Eastern Europe"
"304","SVK","SLOVAKIA",2001,9,1,10595,10595,10675.97908,101.5613708,88.10281,6.260000229,NA,28.81956121,12.52832185,17.27538131,100,39.7654478,57.47083531,0.0129396,0.360274021,NA,100.1305237,7.9,7.67,21,5.3315053,NA,19.38,73.40243902,56.163,NA,NA,1.84316098962007,"Europe","Eastern Europe"
"305","SVK","SLOVAKIA",2002,9,1,10596,10596,11161.46312,99.50023651,85.33072,6.590000153,NA,25.97580203,40.14,17.11824696,100,54.13549916,58.15053778,0.011489022,0.259100333,NA,97.50543976,7.6,7.57,21,5.50947618,NA,18.72,73.60487805,56.013,NA,NA,1.7760268404571,"Europe","Eastern Europe"
"306","SVK","SLOVAKIA",2003,9,1,10597,10597,11782.99433,98.50421906,83.61607,6,NA,23.97616297,43.04,17.683025,100,68.12753874,56.52243429,0.009753458,0.258591767,NA,98.38574982,7.3,7.25,21,5.44849873,NA,17.12,73.60487805,55.863,NA,NA,1.84111107563443,"Europe","Eastern Europe"
"307","SVK","SLOVAKIA",2004,9,1,10598,10598,12407.53059,97.74490356,82.27864,5.090000153,NA,23.15849227,52.89,17.29287612,100,79.1787946,54.88930044,0.009785165,0.301228145,NA,96.92295074,7.1,6.91,14,6.37190485,3.3,18.6,73.95853659,55.713,NA,NA,1.6520060170675,"Europe","Eastern Europe"
"308","SVK","SLOVAKIA",2005,9,1,10599,10599,13228.0412,98.21761322,83.00852,4.75,NA,22.17173928,55.19,18.0071099,100,84.09714977,54.8383141,0.010625307,0.322101729,NA,92.67681122,6.8,6.79,15,6.58870029,3.4,16.26,73.90487805,55.563,NA,NA,1.67909052359894,"Europe","Eastern Europe"
"309","SVK","SLOVAKIA",2006,10,1,10600,10600,14350.86249,100.5884628,85.18724,4.389999866,NA,21.62364714,56.08,16.80084739,100,90.63768078,53.40562628,0.010254104,0.299233944,NA,93.22329712,6.6,6.73,14,6.85076714,3.6,13.37,74.20487805,55.412,NA,NA,1.59399802258371,"Europe","Eastern Europe"
"310","SVK","SLOVAKIA",2007,10,1,10601,10601,15900.7118,103.0001678,86.94492,4.210000038,NA,24.26563694,61.8,16.74890053,100,112.3987625,53.71658711,0.007174279,0.322523208,NA,95.03366852,6.4,6.78,13,7.17735386,3.6,11.14,74.20731707,55.261,NA,NA,1.47838892400771,"Europe","Eastern Europe"
"311","SVK","SLOVAKIA",2008,10,1,10602,10602,16772.76871,103.9499969,87.14783,3.960000038,NA,23.86687264,66.05,16.44580869,100,102.234927,54.52980582,0.00709635,0.385850708,NA,97.41287994,6.1,6.59,12,6.9563446,3.4,9.51,74.70487805,55.111,NA,NA,1.45938505158744,"Europe","Eastern Europe"
"312","SVK","SLOVAKIA",2009,10,1,10603,10603,15836.60723,102.9431229,85.7367,3.589999914,NA,22.58119701,70,15.52330827,100,101.7878775,58.95802326,0.00353362,0.273927134,NA,99.14994049,5.9,6.54,9.6,7.94779444,3.2,12.03,74.9097561,54.96,NA,NA,1.51648666734409,"Europe","Eastern Europe"
"313","SVK","SLOVAKIA",2010,10,1,10604,10604,16750.79744,101.4480209,84.07748,3.230000019,NA,20.33236904,75.71,15.13038269,100,109.6352641,58.26996991,0.004339688,0.338640939,NA,99.06211853,5.8,6.46,8.7,7.74204493,3.1,14.38,75.11219512,54.685,NA,NA,1.24918295945171,"Europe","Eastern Europe"
"314","SVK","SLOVAKIA",2011,10,1,10605,10605,17205.53068,100.3039627,83.26437,3.079999924,NA,19.52370678,74.43999717,16.07724976,100,110.6143222,56.80795306,0.00695147,0.359988857,NA,96.09583282,5.6,6.05,8,7.35716248,3.2,13.62,75.95853659,54.42,NA,NA,1.06706271874263,"Europe","Eastern Europe"
"315","SVK","SLOVAKIA",2012,10,1,10606,10606,17502.06421,100.5292435,84.21212,3.24000001,NA,18.00151397,76.70999012,15.53160241,100,112.5501557,57.47190081,0.005158202,0.322755841,NA,93.18823242,5.5,5.91,6.8,7.55277967,3.1,13.96,76.1097561,54.28,NA,NA,1.07808283795721,"Europe","Eastern Europe"
"316","SVK","SLOVAKIA",2013,10,1,10607,10607,17599.79904,100.5876083,84.54456,3.309999943,NA,17.83760703,77.8826,16.70259742,100,114.5099023,59.00323635,0.004065731,0.292824922,NA,94.59078217,5.3,5.8,8.4,7.50908709,3,14.22,76.41219512,54.14,NA,NA,0.978618159746004,"Europe","Eastern Europe"
"317","SVK","SLOVAKIA",2014,10,1,10608,10608,18047.19105,99.76804352,83.89503,3.5,NA,16.9219992,79.98,17.45515286,100,117.486212,56.2593511,0.003216608,0.285124087,NA,96.30828857,5.2,5.79,6.8,6.89302301,2.9,13.18,76.81219512,54,NA,NA,0.984879429017199,"Europe","Eastern Europe"
"318","SVK","SLOVAKIA",2015,10,1,10609,10609,18898.17699,98.49299622,82.57315,3.180000067,NA,15.94356182,77.63468203,18.18927678,100,122.8114558,56.85922037,0.001723529,0.26276195,NA,95.96457672,5.1,5.75,6.5,6.79333973,3,11.48,76.56341463,53.889,NA,NA,1.10950186885543,"Europe","Eastern Europe"
"319","UKR","UKRAINE",1991,6,1,12415,12415,3624.290241,119.2393494,NA,25.11000061,NA,14.27074919,0,NA,100,0,28.87723751,0.311706366,2.746812944,NA,102.2406693,16.5,12.9691,NA,NA,NA,1.9,69.29804878,66.796,NA,NA,NA,"Europe","Eastern Europe"
"320","UKR","UKRAINE",1992,6,1,12416,12416,3263.363201,116.735527,NA,25.39999962,NA,14.73799781,0,NA,100,0,29.43440465,0.319968249,4.543367373,NA,93.87465668,16.6,12.72900009,NA,NA,3.1,1.9,68.77097561,66.835,NA,NA,NA,"Europe","Eastern Europe"
"321","UKR","UKRAINE",1993,5,1,12417,12417,2797.56871,117.706871,NA,25.79000092,NA,15.23920548,0.00077697,NA,100,0.000126662,40.40317522,0.333053825,2.701584597,NA,97.7793808,16.9,12.47070026,NA,NA,3.6,2,68.13073171,66.874,NA,NA,0.434645819133778,"Europe","Eastern Europe"
"322","UKR","UKRAINE",1994,7,1,12418,12418,2166.67786,118.1796799,NA,26.17000008,NA,15.7694487,0.013641246,NA,100,0.00977526,32.5122168,0.373059151,2.126670708,NA,95.12743378,17.1,12.30220032,NA,NA,NA,2,67.54121951,66.912,NA,NA,2.41777179479269,"Europe","Eastern Europe"
"323","UKR","UKRAINE",1995,7,1,12419,12419,1917.432564,NA,NA,26.47999954,NA,16.32627339,0.043083985,NA,100,0.027501844,37.47604809,0.442466851,2.548825395,NA,NA,17.3,11.89000034,NA,NA,2.4,5.62,66.74195122,66.951,NA,NA,2.73494760851588,"Europe","Eastern Europe"
"324","UKR","UKRAINE",1996,7,1,12420,12420,1741.067734,NA,NA,26.79999924,NA,18.26918013,0.098580381,NA,100,0.059309101,42.42201121,0.673032161,2.644647032,NA,NA,17.3,10.84000015,NA,NA,2.8,7.65,67.02243902,66.99,NA,NA,3.17883449282933,"Europe","Eastern Europe"
"325","UKR","UKRAINE",1997,7,1,12421,12421,1704.297208,110.8063583,NA,26.71999931,NA,18.74901099,0.198821885,NA,100,0.113968483,43.83227016,0.472054917,1.987661634,NA,NA,17.2,9.369999886,NA,NA,NA,8.93,67.57634146,67.029,NA,NA,3.98824090389786,"Europe","Eastern Europe"
"326","UKR","UKRAINE",1998,7,1,12422,12422,1686.922774,115.3294678,NA,26.85000038,NA,19.49442538,0.301075792,NA,100,0.232167426,42.07304448,0.1369263,1.917007393,NA,101.8901672,16.9,9.039999962,NA,NA,NA,11.32,68.37487805,67.067,NA,NA,3.24403179965191,"Europe","Eastern Europe"
"327","UKR","UKRAINE",1999,7,1,12423,12423,1699.495093,113.572731,NA,26.94000053,NA,20.43789436,0.405385448,12.99175088,100,0.439366038,39.25882696,0.633298296,1.934925891,NA,99.6829834,16.3,8.949999809,NA,NA,NA,11.86,67.98097561,67.106,NA,NA,2.88352763946873,"Europe","Eastern Europe"
"328","UKR","UKRAINE",2000,6,1,12424,12424,1817.972846,113.1741486,NA,26.5,NA,21.32879651,0.716183762,14.10037044,100,1.675927027,39.52901746,0.970152358,3.784038894,NA,96.05645752,15.7,8.82,114,5.30685234,NA,11.71,67.67560976,67.145,NA,NA,3.51108284883721,"Europe","Eastern Europe"
"329","UKR","UKRAINE",2001,6,1,12425,12425,2006.2674,119.0767365,NA,25.96999931,NA,22.04331415,1.238759547,12.07313068,100,4.596007036,42.76489649,0.586402577,4.71185266,99.43041229,99.4227066,15,8.79,119,5.72534418,NA,11.06,67.83707317,67.183,NA,NA,2.76926719545401,"Europe","Eastern Europe"
"330","UKR","UKRAINE",2002,6,1,12426,12426,2131.73115,124.9207535,93.63565,25.46999931,NA,22.57897483,1.873885116,13.11147594,100,7.696397252,45.06763194,0.557894092,3.699725896,NA,101.121727,14.3,8.89,123,5.99220037,3.6,10.14,68.27560976,67.283,NA,NA,2.67619950627408,"Europe","Eastern Europe"
"331","UKR","UKRAINE",2003,6,1,12427,12427,2353.604368,97.30142975,88.57612,24.69000053,NA,23.34882194,3.148127588,13.66777031,100,13.65772731,47.62659482,0.601827638,3.373147571,NA,NA,13.7,8.81,126,6.54574108,3.8,9.06,68.21073171,67.427,NA,NA,2.74557877088929,"Europe","Eastern Europe"
"332","UKR","UKRAINE",2004,6,1,12428,12428,2658.688636,96.65634155,88.01456,23.94000053,NA,25.71578436,3.489477881,13.28863237,100,29.0897363,47.16304279,0.680554737,3.639398955,NA,NA,13.1,8.73,127,6.16856956,3.6,8.59,68.18536585,67.597,NA,NA,2.50682433490703,"Europe","Eastern Europe"
"333","UKR","UKRAINE",2005,6,1,12429,12429,2758.518075,106.4425201,89.53734,23.34000015,NA,24.87963714,3.749764415,17.13981874,99.8855617,64.00536482,50.24520009,0.780134454,4.742299284,NA,117.7167511,12.5,8.68,127,6.3461585,3.7,7.18,67.95682927,67.79,99.8075544834137,NA,2.79248933066336,"Europe","Eastern Europe"
"334","UKR","UKRAINE",2006,7,1,12430,12430,2983.854155,100.0811462,88.34219,22.55999947,NA,26.59393674,4.506124564,17.76488074,100,105.2767922,47.96882324,0.798305919,5.036070218,NA,104.3438721,12,8.73,125,6.41695166,3.7,6.81,68.07756098,67.969,NA,NA,2.77159181333191,"Europe","Eastern Europe"
"335","UKR","UKRAINE",2007,7,1,12431,12431,3229.65318,98.02895355,87.75066,21.88999939,NA,27.82254394,6.55,16.50071456,99.8,119.0876067,48.98435174,0.646249995,5.894385925,NA,100.3740082,11.5,8.72,123,6.01705217,4,6.35,68.22219512,68.147,99.5608270168304,97.3660707473755,2.87000281658483,"Europe","Eastern Europe"
"336","UKR","UKRAINE",2008,7,1,12432,12432,3322.005127,96.91538239,87.51849,21.37999916,NA,28.52974564,11,17.88010191,100,120.558086,50.73440762,0.672702819,8.398267188,NA,97.64618683,11.1,8.75,119,5.49728012,4.1,6.36,68.25146341,68.325,NA,NA,2.67292227463357,"Europe","Eastern Europe"
"337","UKR","UKRAINE",2009,7,1,12433,12433,2844.321234,96.82164001,87.92446,21.29999924,NA,28.32170762,17.9,16.38775215,100,119.4564211,53.97502372,0.51132373,5.404169872,NA,94.54981995,10.6,9.4,115,6.60771894,4.3,8.84,69.19,68.502,NA,NA,2.8403538702613,"Europe","Eastern Europe"
"338","UKR","UKRAINE",2010,6,1,12434,12434,2965.139715,98.8184433,90.41149,20.32999992,NA,28.26084122,23.3,15.57052141,100,117.7678197,55.08465311,0.560481019,7.600928851,NA,96.15622711,10.1,9.38,110,6.81229019,4.4,8.1,70.26536585,68.596,NA,NA,2.74199654235065,"Europe","Eastern Europe"
"339","UKR","UKRAINE",2011,6,1,12435,12435,3138.465137,100.6326065,92.43046,20.34000015,NA,27.82340614,28.70826284,18.5150528,100,121.9416066,53.04536724,0.671352699,8.499090731,NA,96.50829315,9.6,9.05,105,6.81617165,4.4,7.85,70.80926829,68.689,NA,NA,2.25828771122262,"Europe","Eastern Europe"
"340","UKR","UKRAINE",2012,6,1,12436,12436,3153.735454,100.8658829,93.20535,19.88999939,NA,26.86289124,35.27,18.31655714,99.86749117,130.8590206,54.00183246,0.574696804,5.15800672,99.97434998,97.50717926,9.2,8.91,101,7.11666059,4.4,7.53,70.94414634,68.782,100,94.508558511734,2.35345197687142,"Europe","Eastern Europe"
"341","UKR","UKRAINE",2013,6,1,12437,12437,3160.080518,101.1218185,93.39155,20.01000023,NA,26.22356898,40.954129,17.56138078,100,138.4411243,56.16435458,0.469618819,4.361455431,NA,103.3503494,8.8,8.8,96,6.94156218,4.4,7.17,71.1595122,68.875,NA,NA,2.3928953083474,"Europe","Eastern Europe"
"342","UKR","UKRAINE",2014,4,1,12438,12438,3123.900089,99.04093933,91.66472,14.77000046,NA,24.67397985,46.23597546,17.29434784,100,144.2788474,54.1589184,0.544202956,3.815857156,NA,102.5925369,8.4,7.46,94,7.18960381,4.5,9.27,71.18658537,68.968,NA,NA,2.96736825853937,"Europe","Eastern Europe"
"343","UKR","UKRAINE",2015,4,1,12439,12439,2828.885069,NA,NA,15.26000023,NA,21.31226599,48.88464368,20.45136542,100,142.0030379,51.16864399,0.298386147,2.689199011,NA,NA,8.1,NA,91,7.77607775,4.2,9.14,71.1895122,69.061,NA,NA,3.84784847607093,"Europe","Eastern Europe"
