,countrykey,year,countryname,agriculture,elec,slums,tax,mobile,internet,agriculture_gdp,services_gdp,gdp,gdp_growth,gdppc,urban,oil,natural,literacy,prim_compl,enrl_gross,enrl_net,edu_expenses,mortality_child,mortality_neo,hospitalbeds,tub,health_gdp,inc_b10,unempl,lifeexp,life_pol,life_rel,qual_ind,qual_manners,qual_tol,qual_faith,qual_obd,trust,order_freedom,dem_order,traditional_rational,surv_self,wvs_wave,polity,un_region_name,un_continent_name,democracy,id
1,ALB,1998,Albania,41.569343,100,NA,13.701633,0.18042638,0.06502737,27.072216,50.115387,2.71E+09,9.0088525,865.30216,40.60100174,0.14185803,0.26542101,NA,NA,107.71253,NA,NA,NA,11.8,3.05,NA,NA,NA,23.033001,73.208,3.0987654,2.2602459,0.32032032,NA,0.81081081,0.2992993,0.58158158,1.73,1.0802846,2.7103004,0.72677007,0.3952518,3,5,Southern Europe,Europe,1,3
2,ALB,2002,Albania,41.605839,100,NA,16.160843,27.284132,0.39008127,21.600395,50.060003,4.44E+09,4.231371,1453.6428,43.50099945,0.65942414,0.73766489,NA,NA,101.898,NA,NA,NA,10.7,NA,22,6.4343317,3.5,21.488001,74.575,2.9560776,2.266055,0.572,NA,0.8,0.363,0.539,1.7563025,NA,2.9003322,0.6712418,0.51762411,4,7,Southern Europe,Europe,1,3
3,ARG,1984,Argentina,46.960745,NA,NA,NA,0,NA,8.3459768,51.945835,7.91E+10,2.2117735,2643.3694,84.6210022,3.070351,3.4903225,NA,NA,105.56242,NA,NA,NA,15.8,NA,NA,NA,NA,NA,70.438,NA,NA,0.41691542,NA,0.439801,0.18606965,0.18606965,1.7390351,NA,NA,0.8517321,0.64846194,1,8,South America,Americas,1,5
4,ARG,1991,Argentina,46.647593,91.123672,NA,5.0082365,0.075315,NA,6.7164918,60.561199,1.90E+11,12.66971,5715.5044,87.32800293,0.73995188,0.98989341,96.128197,NA,109.08685,96.254837,NA,NA,14.6,NA,NA,NA,1.7,5.5500002,71.79,2.9518072,2.0963855,0.43213573,NA,0.77644711,0.28143713,0.32035928,1.7669095,NA,NA,0.80581499,0.75412238,2,7,South America,Americas,1,5
5,ARG,1995,Argentina,46.788273,93.022461,31.7,8.0543577,1.1584431,0.08627708,5.3514732,60.821391,2.58E+11,-2.8452096,7373.4282,88.16400146,0.89003497,1.0614259,NA,NA,NA,NA,NA,NA,13.4,NA,NA,NA,1.1,18.799999,72.719,2.9607109,2.0598131,0.41056534,NA,0.73123262,0.35959222,0.31881372,1.8243115,1.5978153,2.8551308,0.83412705,0.8553467,3,7,South America,Americas,1,5
6,ARG,1999,Argentina,46.922377,94.725464,NA,9.0761243,10.502243,3.284482,4.4578394,61.924782,2.84E+11,-3.385457,7736.3696,88.95200348,0.92027688,1.1238282,NA,98.217644,116.05356,99.751923,NA,NA,11.3,NA,NA,NA,1.1,14.1,73.618,3.1343284,1.9033019,0.3703125,NA,0.7015625,0.4265625,0.36953125,1.8413462,NA,2.7163793,0.74101561,0.81821479,4,8,South America,Americas,1,5
7,ARG,2006,Argentina,51.560096,97.167221,NA,12.878887,79.654384,20.927202,6.9355723,48.749133,2.33E+11,8.0471515,5878.761,90.26599884,4.2268824,5.924138,NA,99.133202,118.83875,99.47065,97.513451,NA,8.7,NA,28,6.4156347,1.2,10.08,74.941,2.9345418,2.1609658,0.44411178,NA,0.70459082,0.24451098,0.42215569,1.8311292,NA,NA,0.70463452,0.86686406,5,8,South America,Americas,1,5
8,ARM,1997,Armenia,46.786091,98.769028,NA,NA,0.15958707,0.11165093,29.413242,29.539033,1.64E+09,3.3210797,523.28357,65.5039978,0,0.55148816,NA,93.8955,126.90023,NA,NA,NA,18,6.75,NA,NA,NA,10.8,69.912,2.526127,2.1797872,0.32,NA,0.4845,0.1235,0.1795,1.7531513,1.521875,2.4589716,0.82716101,0.46093495,3,-6,Western Asia,Asia,1,6
9,AUS,1981,Australia,62.838082,NA,NA,21.498307,0,NA,NA,NA,1.77E+11,3.3378583,11830.865,85.69999695,1.7776972,4.9394575,NA,NA,109.28179,99.807877,NA,NA,6.7,12.2,NA,NA,2.8,NA,74.663415,NA,NA,0.24511401,NA,0.67100977,0.2223127,0.41123779,1.5180824,NA,NA,NA,NA,1,10,Australia and New Zealand,Oceania,1,8
10,AUS,1995,Australia,60.313708,100,NA,21.214315,12.402677,2.7596545,3.0216331,62.32745,3.67E+11,3.8293688,20319.631,86.10600281,0.60306471,2.0194949,NA,NA,100.8312,94.564621,91.877251,NA,3.7,8.6999998,NA,NA,2.8,8.4700003,77.829268,2.4896654,2.4835219,0.52734375,NA,0.80908203,0.21386719,0.28710938,1.5995062,1.4783274,2.7467499,0.72156362,1.2761031,3,10,Australia and New Zealand,Oceania,1,8
11,AUS,2005,Australia,57.944756,100,NA,24.868671,91.012838,63,2.8865189,64.392111,6.93E+11,3.1903163,33961.682,88,0.89459294,5.2232381,NA,NA,102.53646,95.626938,NA,NA,3.3,4,5.9,7.9738587,NA,5.0300002,80.841463,2.4892241,2.7071429,0.63476425,NA,0.9148487,0.20830401,0.36664321,1.5181753,NA,NA,0.80104661,1.3406365,5,10,Australia and New Zealand,Oceania,1,8
12,AZE,1997,Azerbaijan,55.141377,97.81459,NA,10.693878,0.50468926,0.02518793,20.127411,35.486404,3.96E+09,5.8000005,505.56057,51.58800125,15.327537,18.576656,NA,99.470108,94.54734,90.126938,NA,NA,37.2,9.6099997,NA,NA,NA,11.847,65.899,2.7409457,1.9032421,0.5969031,NA,0.59140859,0.18581419,0.24825175,1.794723,1.104888,2.9791411,0.54163144,0.43522755,3,-6,Western Asia,Asia,0,10
13,BFA,2007,Burkina Faso,40.095029,13.169374,59.5,12.685696,13.037014,0.75,29.935493,45.813294,6.77E+09,5.6550051,475.11001,23.16300011,0,9.1711707,28.72921,34.97427,67.669098,54.953609,64.668404,NA,33.9,NA,62,5.8863782,NA,3.3,54.841,2.5394278,1.1985392,0.31160365,NA,0.69361147,0.68057366,0.70469361,1.8530839,NA,NA,0.40371028,0.54685367,5,0,Western Africa,Africa,0,14
14,BGD,1996,Bangladesh,71.652454,23.181799,NA,NA,0.00329843,NA,23.266208,50.124201,4.64E+10,4.5229192,382.93576,22.06399918,0.01800515,0.46375045,NA,NA,NA,NA,NA,NA,50.2,NA,NA,NA,NA,2.51,62.61,2.49833,1.195138,0.56983607,NA,0.69180328,0.77704918,0.19016393,1.7908847,1.111631,2.9704321,NA,NA,3,6,Southern Asia,Asia,1,15
15,BGD,2002,Bangladesh,71.852193,37.309124,NA,6.6913842,0.78696541,0.13992029,20.584134,51.572417,5.47E+10,3.8331239,400.61357,24.75600052,0.08089198,0.67392338,NA,NA,NA,NA,NA,NA,39.4,0.34,221,2.621789,NA,3.5580001,66.448,2.4147688,1.1385542,0.778,NA,0.70933333,0.70133333,0.192,1.7646662,NA,2.9860088,0.38290621,0.43145962,4,6,Southern Asia,Asia,1,15
16,BGR,1997,Bulgaria,56.069782,100,NA,14.942873,0.85243955,1.2198131,20.597385,49.001853,1.12E+10,-1.0888202,1346.9106,68.23100281,0.0053029,1.7143478,NA,94.486443,102.31142,95.011551,NA,NA,8.4,10.28,NA,NA,NA,13.7,70.35122,2.9942252,2.6748047,0.38432836,NA,0.4636194,0.1613806,0.20335821,1.713964,1.2913223,2.5341545,1.0200684,0.62693152,3,8,Eastern Europe,Europe,1,16
17,BGR,2005,Bulgaria,48.462813,100,NA,20.46719,81.274266,19.97,7.2884697,53.555336,2.96E+10,7.1235111,3869.5295,70.58399963,0.03809541,1.7447007,NA,98.642502,103.30338,95.739883,89.889542,NA,6,6.4,52,6.9442005,NA,10.08,72.560976,3.0662589,2.476828,0.45854146,NA,0.52947053,0.17682318,0.24275724,1.7802945,NA,NA,1.0224652,0.67670328,5,9,Eastern Europe,Europe,1,16
18,BIH,1998,Bosnia and Herzegovina,42.1875,98.507721,NA,NA,0.6714065,0.14367106,15.96041,38.709411,4.12E+09,15.599996,1097.6446,39.34799957,0,1.5019671,NA,NA,NA,NA,NA,NA,7.1,3.8199999,NA,NA,NA,23.264,73.572,2.5782828,1.9232704,0.3525,NA,0.625,0.25125,0.40875,1.7387863,1.54375,3.1920981,0.67076556,0.53946603,3,NA,Southern Europe,Europe,0,19
19,BIH,2001,Bosnia and Herzegovina,41.523438,99.4,NA,NA,11.792032,1.200527,8.8676604,54.469457,5.75E+09,4.3999995,1524.412,39.28499985,0,1.3714622,NA,NA,NA,NA,NA,NA,6.2,3.22,82,7.1772169,3.6,26.344999,74.653,2.8207705,2.0539174,0.56333333,NA,0.71666667,0.245,0.435,1.8421941,NA,2.9888889,0.84582005,0.52484074,4,NA,Southern Europe,Europe,0,19
20,BLR,1996,Belarus,46.011635,100,NA,18.799775,0.0647735,0.02929829,15.098598,39.364259,1.48E+10,2.8000047,1452.4455,68.30799866,0.87172416,3.2869706,NA,95.103149,98.271957,NA,NA,NA,7.9,12.27,NA,NA,NA,0.89600003,68.512195,2.7134446,2.3943662,0.29780115,NA,0.59655832,0.14961759,0.34942639,1.7592593,1.5587045,2.4373259,0.88680597,0.48674556,3,-7,Eastern Europe,Europe,0,20
21,BRA,1991,Brazil,29.305683,89.835625,NA,9.5297265,0.00440857,0.00328817,6.7888067,48.846332,6.03E+11,1.5119372,3966.7955,74.69000244,0.29353475,1.3987859,NA,NA,NA,NA,NA,NA,24.8,NA,NA,NA,NA,10.108,65.708,2.7342419,1.6304837,0.26487093,NA,0.65656566,0.46464646,0.41414141,1.9354473,NA,NA,0.65825955,0.5661064,2,8,South America,Americas,1,23
22,BRA,2006,Brazil,32.636926,97.594314,NA,15.381311,52.863524,28.17838,4.3700439,57.138127,1.11E+12,3.9572968,5860.1458,83.14299774,2.3217576,4.8902155,89.615227,NA,NA,NA,94.068161,NA,12.7,NA,46,8.2593123,1,8.3900003,72.405,2.4835239,1.5954606,0.28733333,NA,0.64733333,0.562,0.56333333,1.9079838,NA,NA,0.49999519,0.69870139,5,8,South America,Americas,1,23
23,CAN,2000,Canada,7.4353028,100,NA,14.907382,28.393625,51.3,NA,NA,7.42E+11,5.1826903,24124.169,79.47799683,1.5597474,4.5421495,NA,97.30352,100.25361,99.919533,96.398453,1.4,3.7,3.4,6.4,8.2757012,2.7,6.8299999,79.236585,2.6859074,2.1242204,0.61988607,NA,0.81563956,0.33195236,0.3112377,1.6303665,NA,2.7156016,0.73988254,1.298872,4,10,Northern America,Americas,1,29
24,CAN,2006,Canada,7.252865,100,NA,13.387285,57.432448,72.4,NA,NA,1.32E+12,2.6234126,40386.699,80.21299744,1.6769709,4.8180897,NA,96.459602,98.557518,NA,93.778969,NA,4,3.4,5.4,9.2070549,NA,6.3200002,80.292683,2.5632823,2.1796184,0.57763401,NA,0.83595194,0.30591497,0.31377079,1.5785477,NA,NA,0.67070981,1.345934,5,10,Northern America,Americas,1,29
25,CHE,1989,Switzerland,40.73971,NA,NA,8.0582478,1.0988563,NA,NA,NA,2.02E+11,4.330794,30401.892,71.68399811,0,0.03401507,NA,49.87875,86.959541,81.581581,NA,NA,4,NA,NA,NA,NA,NA,77.42122,2.7322604,2.3905674,0.425,NA,0.77428571,0.24142857,0.21,1.5735805,NA,NA,NA,NA,2,10,Western Europe,Europe,1,30
26,CHE,1996,Switzerland,39.941307,100,NA,8.44204,9.3853103,4.5496567,1.3181572,67.53428,3.30E+11,0.5400276,46676.851,73.52700043,0,0.01896764,NA,72.855164,97.719269,90.792183,NA,NA,3.4,NA,NA,NA,NA,3.71,78.896098,2.7939698,2.6277496,0.42739274,NA,0.78630363,0.21369637,0.26155116,1.6304156,1.5059253,2.8266055,1.0139786,1.0081007,3,10,Western Europe,Europe,1,30
27,CHE,2007,Switzerland,39.060128,100,NA,9.3596739,108.57798,77.2,0.80168074,69.155577,4.80E+11,4.1118778,63555.237,73.55000305,0,0.01872439,NA,93.031998,101.78197,97.780663,92.513603,NA,3.2,NA,6.4,9.6347658,2.9,3.6500001,81.741463,2.4176805,2.5946602,0.74133763,NA,0.9073328,0.12892828,0.20628525,1.4894693,NA,NA,NA,NA,5,10,Western Europe,Europe,1,30
28,CHL,1990,Chile,21.383074,92.257427,NA,13.307384,0.10512658,0,7.5423533,39.004858,3.31E+10,3.3335655,2500.6463,83.27100372,0.3125703,11.089267,NA,NA,103.67306,NA,NA,3.1,8.6,3.1586001,NA,NA,1.2,NA,73.68,2.9128659,1.7595702,0.30533333,NA,0.79,0.54133333,0.522,1.7729767,NA,NA,0.57522661,0.60534488,2,8,South America,Americas,1,31
29,CHL,1996,Chile,20.486005,95.617315,NA,16.170607,2.2035994,0.68347561,5.4456255,50.989059,7.80E+10,6.8029166,5382.8465,84.86100006,0.04574961,6.5540113,NA,NA,99.379066,NA,NA,NA,6.4,2.6700001,NA,NA,1.3,6.3299999,75.678,3.1717791,1.8692543,0.335,NA,0.616,0.458,0.458,1.7860798,1.5010331,2.7032735,0.5997015,0.62548921,3,8,South America,Americas,1,31
30,CHL,2000,Chile,20.321923,97.938687,NA,16.152693,22.286443,16.6,5.3779187,54.09561,7.79E+10,5.3269384,5101.3685,86.07299805,0.05438408,7.0737134,NA,NA,105.9884,NA,87.188782,2.2,5.7,NA,23,7.0351765,1.3,9.1599998,76.793,3.0384287,1.7800168,0.52333333,NA,0.76,0.40583333,0.55083333,1.7698888,NA,2.7528584,0.7141203,0.68582712,4,9,South America,Americas,1,31
31,CHL,2006,Chile,21.249926,99.368108,NA,19.491907,76.292645,34.497751,3.8771101,47.209704,1.55E+11,6.3171763,9484.6812,87.68900299,0.02133401,21.424752,NA,NA,106.38612,NA,95.040047,NA,5.5,2.3,18,6.0351677,1.7,7.6900001,77.934,3.173428,2.0110775,0.411,NA,0.791,0.376,0.518,1.8760163,NA,NA,0.61538797,0.72048035,5,10,South America,Americas,1,31
32,CHN,1990,China,53.864565,92.216011,43.6,NA,0.00156246,0,26.584308,NA,3.61E+11,3.9071139,317.88467,26.44199944,5.2835698,8.1704672,77.785057,102.67475,127.42803,96.871887,NA,6.7,29.7,2.5799999,NA,NA,NA,NA,69.293,2.2028398,3.7239264,0.84,NA,0.617,0.012,0.085,1.3969543,NA,NA,NA,NA,2,-7,Eastern Asia,Asia,0,32
33,CHN,1995,China,55.690204,94.382416,40.5,NA,0.29267545,0.00495471,19.59652,NA,7.35E+11,10.949227,609.65668,30.96100044,1.6105466,2.8994974,NA,96.9683,110.55306,90.311951,NA,NA,26.7,2.6099999,NA,NA,NA,4.5500002,70.156,2.1968728,3.2923538,0.50133333,NA,0.43,0.03333333,0.29266667,1.4768166,NA,NA,NA,NA,3,-7,Eastern Asia,Asia,0,32
34,CHN,2001,China,55.379542,96.556206,NA,NA,11.218203,2.6396502,13.983461,NA,1.34E+12,8.3399105,1053.1082,37.0929985,1.3123613,2.489984,NA,NA,110.27607,NA,NA,NA,19.8,2.52,105,4.3535438,NA,4.5300002,72.401,2.1991389,3.5170213,0.741,NA,0.726,NA,0.148,1.4548287,NA,2.8514377,NA,NA,4,-7,Eastern Asia,Asia,0,32
35,CHN,2007,China,54.810018,98.398705,31,9.7663457,40.941487,16,10.282997,42.855969,3.55E+12,14.231388,2695.3659,45.19900131,1.6849959,6.2855693,NA,94.084831,107.89359,NA,NA,NA,11.4,NA,86,3.9967083,NA,3.76,74.562,2.3722861,3.1828104,0.68658965,NA,0.61325967,0.02059267,0.14716223,1.4759329,NA,NA,0.72456358,0.48824144,5,-7,Eastern Asia,Asia,0,32
36,COL,1997,Colombia,40.632717,93.012077,NA,NA,3.2727379,0.55052102,12.606471,52.345496,1.07E+11,3.4302937,2759.9527,71.14600372,2.2126526,2.5236869,NA,NA,NA,NA,NA,NA,14.9,NA,NA,NA,NA,12.14,70.09,2.5457593,1.6396815,0.25222846,NA,0.67249917,0.48960053,0.49719379,1.8961603,NA,NA,NA,NA,3,7,South America,Americas,1,36
37,COL,1998,Colombia,41.04822,93.341026,NA,13.743732,4.5884339,1.1262252,13.23579,53.234715,9.84E+10,0.56978409,2509.1396,71.45700073,1.1557926,1.411042,NA,92.209023,119.29401,93.926758,NA,NA,14.5,NA,NA,NA,NA,15,70.416,2.9540885,1.6479438,0.28905207,NA,0.69425901,0.35547397,0.35514019,1.8878098,1.5278999,NA,NA,NA,3,7,South America,Americas,1,36
38,COL,2005,Colombia,38.356918,96.8,17.9,NA,50.478625,11.007264,7.725573,53.777091,1.47E+11,4.7065559,3386.0256,73.58100128,4.5520545,6.0906508,92.848663,108.41745,127.50447,97.455589,NA,NA,12,NA,30,5.4713602,1.2,11.87,72.303,NA,NA,0.33487603,NA,0.84132231,0.47702479,0.59239669,1.8553291,NA,NA,0.43942098,0.77913741,5,7,South America,Americas,1,36
39,CYP,2006,Cyprus,16.991342,100,NA,40.865534,82.77911,35.83,2.2762208,66.992339,2.04E+10,4.5101833,27169.993,68.125,0,0.00057866,NA,101.14621,102.38691,99.520187,87.968102,NA,2.3,3.7,4,5.3085332,3.8,4.54,78.764,2.7880539,1.7927063,0.44,NA,0.70666667,0.33809524,0.46666667,1.8717454,NA,NA,0.63631288,0.71892115,5,10,Western Asia,Asia,1,41
40,CZE,1998,Czech Republic,55.441957,100,NA,14.43578,9.3522267,3.8959061,3.3969145,52.632025,6.65E+10,-0.32871552,6458.9045,74.25099945,0.00328066,0.49812466,NA,NA,103.08726,NA,90.964088,NA,3.2,NA,NA,NA,NA,5.9000001,74.514634,2.9982363,3.1483813,0.22493461,NA,0.59982563,0.08892764,0.14036617,1.714808,1.227907,2.5696798,1.0971751,0.77868614,3,10,Eastern Europe,Europe,1,42
41,DEU,1997,Germany,49.640453,100,NA,10.699104,10.154618,6.7110875,0.98297485,61.15709,2.22E+12,1.8492007,27045.719,73.16999817,0.00711329,0.06738452,NA,98.558998,103.77757,NA,NA,NA,2.9,9.3999996,NA,NA,NA,9.8599997,77.073171,2.4755976,3.0389222,0.5148075,NA,0.88302073,0.1159921,0.12339585,1.6671779,1.3911439,3.0170543,1.4891804,0.93497494,3,10,Western Europe,Europe,1,43
42,DEU,2006,Germany,48.594861,100,NA,10.814624,105.04247,72.16,0.70577666,62.505045,3.00E+12,3.7001596,36447.872,73.4940033,0.03131359,0.15959179,NA,98.405884,104.12809,99.772903,92.726891,NA,2.6,8.3,7.3,10.128486,3.3,10.25,79.131707,2.6868293,2.9255214,0.75581395,NA,0.73158915,0.09399225,0.16472868,1.6591149,NA,NA,1.2434137,0.9541328,5,10,Western Europe,Europe,1,43
43,DOM,1996,Dominican Republic,53.301594,85.025841,NA,10.344343,1.0280961,0.07498705,9.1934025,51.770569,1.82E+10,5.9778251,2271.9436,58.43700027,0,0.70098922,NA,NA,101.34011,NA,NA,NA,23.6,1.5,NA,NA,1.5,6.9200001,69.837,2.6361323,1.674938,0.40047962,NA,0.67865707,0.59232614,0.50839329,1.7355164,1.529703,2.7277487,0.611208,0.68461339,3,8,Caribbean,Americas,1,47
44,DZA,2002,Algeria,16.733565,98.910538,NA,31.524905,1.4072304,1.5916413,9.2249864,NA,5.68E+10,5.6093232,1774.0337,61.50099945,11.789979,14.072233,69.873497,87.843491,105.14244,93.902107,NA,NA,20.6,NA,74,3.7300635,NA,25.9,71.276,2.5266612,1.0944882,0.25663027,NA,0.53978159,0.76833073,0.56162246,1.8878049,NA,2.7404343,0.50279471,0.47419427,4,-3,Northern Africa,Africa,0,48
45,EGY,2001,"Egypt, Arab Rep.",3.3532573,97.442825,NA,NA,3.9223923,0.83894561,15.351268,NA,9.76E+10,3.535252,1370.7174,42.8429985,4.7084623,5.3407905,NA,86.252068,91.874619,87.520699,NA,NA,21.6,NA,25,5.6782827,NA,9.2600002,68.807,2.6394116,1.028,0.726,NA,0.64633333,0.87333333,0.53233333,1.6209106,NA,3.0089286,0.32039878,0.48688178,4,NA,Northern Africa,Africa,0,50
46,EGY,2008,"Egypt, Arab Rep.",3.5581898,99.8,NA,15.320525,51.000226,18.01,12.63024,NA,1.63E+11,7.1576168,2011.2462,43.05799866,12.115287,15.712494,NA,NA,NA,NA,NA,NA,17.1,NA,19,4.6962591,3.9,8.5200005,69.98,2.9270936,1.0481967,0.26155359,NA,0.71189774,0.90462144,0.68371026,1.8157635,NA,NA,NA,NA,5,NA,Northern Africa,Africa,0,50
47,ESP,1990,Spain,61.012334,100,NA,15.753596,0.13916414,0.01287356,NA,NA,5.35E+11,3.7813935,13767.381,75.35099792,0.01557395,0.1284624,NA,99.728592,104.19447,98.958183,NA,2.3,4.9,4.5999999,NA,NA,NA,NA,76.837561,3.1749153,2.5060241,0.36887417,NA,0.70331126,0.2205298,0.41788079,1.6898017,NA,NA,0.97079072,0.81869077,2,10,Southern Europe,Europe,1,52
48,ESP,1995,Spain,59.504645,100,NA,15.908364,2.3688724,0.38080073,3.8901721,60.221798,6.13E+11,2.757494,15429.939,75.85600281,0.00545738,0.05933292,NA,NA,104.74256,99.956078,NA,NA,3.6,4.3000002,NA,NA,NA,22.67,77.980732,3.1197302,2.3059019,0.24772915,NA,0.75557391,0.21717589,0.43765483,1.7026564,1.540636,2.8091674,0.7819168,0.88627415,3,10,Southern Europe,Europe,1,52
49,ESP,2000,Spain,59.651303,100,NA,16.232263,59.32239,13.624961,3.7384913,59.103133,5.95E+11,5.2890996,14676.706,76.26200104,0.00446873,0.04302547,NA,NA,104.2435,99.813118,91.049942,1.6,2.8,4.0999999,22,6.8160619,NA,13.79,78.965854,3.041806,2.4613466,0.44086022,NA,0.76840364,0.20512821,0.49048801,1.6597938,NA,3.0222222,0.8203715,0.91126492,4,10,Southern Europe,Europe,1,52
50,ESP,2007,Spain,56.107872,100,NA,16.72491,106.67185,55.11,2.4403987,61.100826,1.48E+12,3.7689924,32709.401,77.73999786,0.00282258,0.05525525,97.938843,98.181953,105.30506,99.88076,87.776733,NA,2.2,NA,19,7.836712,2.4,8.2299995,80.873171,2.907113,2.7589958,0.3125,NA,0.71583333,0.1125,0.36916667,1.8006757,NA,NA,0.80588736,0.8146688,5,10,Southern Europe,Europe,1,52
51,EST,1996,Estonia,23.708422,100,NA,1.4081536,4.9021821,3.5251111,4.7387216,56.438,4.75E+09,5.3238449,3352.7337,70.11100006,0.07246165,1.814299,NA,90.816757,95.498466,90.60952,NA,NA,7.8,7.9000001,NA,NA,NA,9.9200001,69.612195,2.9167493,2.9738956,0.53770813,NA,0.59647405,0.04995103,0.27032321,1.7847848,1.4895937,2.8863135,1.1266614,0.52083416,3,6,Northern Europe,Europe,1,53
52,ETH,2007,Ethiopia,35.077,20.158501,79.1,7.8125297,1.4919653,0.37,42.265012,39.114111,1.97E+10,11.456167,243.30268,16.11599922,0,21.994455,38.995979,47.35952,89.165466,71.005043,NA,NA,39.4,NA,310,4.8384407,NA,5.3070002,58.466,1.9637827,1.2687668,0.792,NA,0.36133333,0.41333333,0.38933333,1.7557078,NA,NA,0.3620388,0.59480999,5,-3,Eastern Africa,Africa,0,54
53,FIN,1981,Finland,8.2625825,NA,NA,22.511592,0.58792306,NA,7.6573739,47.884181,5.25E+10,1.2947745,10934.568,72.52799988,0,1.0566417,NA,NA,96.08107,NA,NA,NA,4.8,NA,NA,NA,NA,NA,73.746585,NA,NA,NA,NA,NA,NA,NA,1.4282808,NA,NA,NA,NA,1,10,Northern Europe,Europe,1,55
54,FIN,1996,Finland,7.28192,100,NA,21.915752,29.239033,16.780075,3.4499314,55.076426,1.32E+11,3.6588331,25777.641,81.22299957,0,0.47019846,NA,101.23879,99.048088,98.367531,NA,NA,2.9,9.1999998,NA,NA,NA,15.57,76.693415,3.0647482,2.5893769,0.56028369,NA,0.82472138,0.11246201,0.28064843,1.5118679,1.5054705,2.8614525,0.95270787,1.0942548,3,10,Northern Europe,Europe,1,55
55,FIN,2005,Finland,7.465117,100,NA,21.832627,100.21056,74.48,2.2824189,55.782392,2.04E+11,2.779955,38969.172,82.90499878,0,0.29080667,NA,100.19322,98.417473,97.345612,92.97541,NA,2.1,7,7.4,7.997939,4,8.3800001,78.817073,2.917078,2.5227723,0.69230769,NA,0.85996055,0.12228797,0.33037475,1.412,NA,NA,0.84903216,1.175774,5,10,Northern Europe,Europe,1,55
56,FRA,2006,France,53.533605,100,NA,22.569639,83.876572,46.87,1.5184906,68.717383,2.32E+12,2.3749469,36443.623,77.3769989,0.01261056,0.04920491,NA,NA,108.93028,99.160072,90.283379,NA,2.4,7.2,9.4,10.045368,3.4,8.4499998,80.812195,2.6363636,2.7409639,0.37562438,NA,0.86913087,0.09090909,0.41458541,1.813253,NA,NA,0.94892991,1.1219232,5,9,Western Europe,Europe,1,57
57,GBR,1998,United Kingdom,72.409375,100,NA,25.124604,25.412957,13.669983,0.90596392,65.995272,1.64E+12,3.1378084,28014.895,78.53199768,0.0923882,0.16406326,NA,NA,100.73473,99.905457,95.089569,NA,3.8,4.4000001,NA,NA,NA,6.1999998,77.190244,NA,NA,0.49222324,NA,0.86093321,0.16834401,0.50869167,1.7036347,NA,NA,NA,NA,3,10,Northern Europe,Europe,1,60
58,GBR,2005,United Kingdom,70.086389,100,NA,25.547358,108.60041,70,0.57884312,69.76816,2.52E+12,3.0960889,41732.641,79.91500092,0.7123023,0.91280361,NA,NA,106.28205,99.998619,92.008713,NA,3.5,NA,15,7.239528,2.6,4.75,79.04878,2.7087753,2.6549708,0.58405379,NA,0.85398655,0.17675312,0.4610951,1.6956947,NA,NA,0.73102079,1.2278548,5,10,Northern Europe,Europe,1,60
59,GEO,1996,Georgia,43.675349,98.3582,NA,NA,0.0465063,0.04006542,33.151647,40.920033,3.10E+09,11.200003,670.4611,53.59999847,0.21334281,0.3545846,NA,84.603012,82.512482,82.418381,NA,NA,24,5.6700001,NA,NA,2.3,14.213,70.687,2.6811161,1.7269096,0.50747012,NA,0.54133466,0.31025896,0.22858566,1.8128624,1.4857579,2.5770925,0.53149816,0.39207703,3,5,Western Asia,Asia,0,61
60,GHA,2007,Ghana,67.680408,58.792332,42.8,NA,33.497718,3.85,27.294114,47.16855,2.48E+10,4.3468192,1090.6867,48.66899872,0.03940171,9.4700393,NA,76.115059,97.386078,69.814583,79.229713,NA,32.9,NA,196,6.1885097,NA,4.0440001,59.663,2.4483892,1.1206557,0.37222947,NA,0.70664928,0.726206,0.81681877,1.9148657,NA,NA,0.3518515,0.48755269,5,8,Western Africa,Africa,1,62
61,GTM,2004,Guatemala,44.792833,77.129601,NA,11.552737,24.757948,5.1,12.861887,54.076245,2.40E+10,3.1520818,1872.7371,46.75600052,0.69733662,1.4125755,NA,67.263008,108.68226,90.713638,NA,NA,19,NA,32,6.738078,NA,3.1300001,69.437,2.7044534,1.2252252,0.279,NA,0.59,0.587,0.465,1.8432161,NA,NA,0.4105906,0.61617397,5,8,Central America,Americas,1,69
62,HUN,1982,Hungary,73.222828,NA,NA,NA,0,NA,NA,NA,NA,NA,NA,64.5530014,NA,NA,NA,92.844147,105.16719,NA,NA,NA,15.5,NA,NA,NA,NA,NA,69.357805,NA,NA,0.50819672,NA,0.30737705,0.07855191,0.30669399,1.6643009,NA,NA,NA,NA,1,-7,Eastern Europe,Europe,0,74
63,HUN,1998,Hungary,68.964365,100,NA,20.634925,10.409912,3.8946433,5.9551832,52.187798,4.88E+10,4.2358477,4750.4149,64.82900238,0.03148333,0.26793526,NA,98.439934,100.63711,95.962303,91.785713,NA,6.4,8.1000004,NA,NA,NA,8.9300003,70.557805,3.0108192,2.6471495,0.44153846,NA,0.63538462,0.17538462,0.30769231,1.7725857,1.3005093,2.8017241,0.935461,0.64609644,3,10,Eastern Europe,Europe,1,74
64,IDN,2001,Indonesia,26.330752,86.26,NA,11.578185,3.0399764,2.0186139,15.994918,38.417242,1.60E+11,3.6434664,747.98175,42.7820015,4.1653539,7.2117442,NA,93.758591,109.76561,96.165131,NA,NA,21.6,NA,448,2.2357026,NA,5.8800001,66.467,2.6023965,1.02,0.766,NA,0.629,0.931,0.533,1.4836158,NA,2.8669528,0.22383091,0.39469547,4,6,South-Eastern Asia,Asia,1,75
65,IDN,2006,Indonesia,28.42838,90.62,NA,NA,27.75997,4.7648131,12.973803,40.082639,3.65E+11,5.5009518,1586.205,46.73199844,4.0780827,8.7481208,91.982269,92.362549,106.13361,94.479141,NA,NA,18.6,NA,433,2.8597708,NA,7.5500002,67.386,2.6595311,1.0675338,0.81985112,NA,0.59057072,0.90620347,0.53300248,1.5746479,NA,NA,0.39077026,0.47207417,5,8,South-Eastern Asia,Asia,1,75
66,IND,1990,India,61.016282,43.291561,54.9,10.128703,0,0,27.205632,34.587225,3.17E+11,5.5334546,363.96409,25.54700089,1.7950684,3.4683833,NA,NA,91.891129,77.50029,NA,20.9,57.3,NA,NA,NA,NA,NA,57.915,2.759432,1.7599198,0.2964,NA,0.5916,0.288,0.5588,1.645666,NA,NA,0.54961016,0.55344389,2,8,Southern Asia,Asia,1,76
67,IND,1995,India,60.858875,51.496105,48.2,9.3515696,0.00798349,0.02622888,24.738004,36.385692,3.56E+11,7.5744918,370.10136,26.60700035,0.97058991,2.5607264,NA,71.903084,94.409447,NA,NA,NA,51.4,NA,NA,NA,NA,3.7160001,60.408,2.8654527,1.7926405,0.37401961,NA,0.51568627,0.36029412,0.69901961,1.6212549,1.2642276,2.5851628,0.60265437,0.51314452,3,9,Southern Asia,Asia,1,76
68,IND,2001,India,60.704832,55.8,NA,8.1886872,0.61037192,0.66014638,21.869048,42.571818,4.79E+11,4.8239663,447.0139,27.91799927,0.97611137,2.6165219,61.014561,72.455299,94.446487,84.093384,NA,NA,43.6,NA,288,4.2764229,NA,4.3260002,62.977,2.7162741,1.6945436,0.56193806,NA,0.63186813,0.46603397,0.55694306,1.5900948,NA,2.5922684,0.63482013,0.65112962,4,9,Southern Asia,Asia,1,76
69,IND,2006,India,60.509419,67.9,NA,11.370511,14.290291,2.8054999,17.394116,42.732709,9.20E+11,9.2639648,792.02597,29.56900024,1.4562256,4.3261475,62.754471,NA,NA,NA,NA,NA,37,NA,274,3.6347779,NA,4.237,64.966,2.7177161,1.7342296,0.66866567,NA,0.55772114,0.4127936,0.55872064,1.7671541,NA,NA,0.6077072,0.70929944,5,9,Southern Asia,Asia,1,76
70,IRN,2000,"Iran, Islamic Rep.",38.608512,97.9,NA,5.8612821,1.4555694,0.93419002,9.0684193,51.416644,1.10E+11,5.8580666,1657.1697,64.04199982,30.253385,31.155418,NA,91.711456,99.641937,84.873749,91.399971,5.5,18.4,NA,22,5.2388473,NA,14.638,70.144,2.5986336,1.254319,0.53159558,NA,0.58965245,0.70853081,0.414297,1.346514,NA,2.8262363,NA,NA,4,3,Southern Asia,Asia,0,78
71,IRN,2007,"Iran, Islamic Rep.",29.515091,98.579857,NA,5.9376877,41.329369,9.47,7.1855682,47.607768,3.50E+11,8.1557735,4857.3684,68.86399841,25.693224,28.624968,NA,94.56649,104.33307,98.980217,NA,NA,14.3,NA,16,5.7624295,NA,10.6,72.635,2.5073613,1.2839413,0.63104612,NA,0.64454443,0.71428571,0.32395951,1.8938421,NA,NA,NA,NA,5,-6,Southern Asia,Asia,0,78
72,IRQ,2004,Iraq,19.868761,97.106689,NA,NA,2.1811321,0.9,6.9385613,NA,3.66E+10,54.157774,1391.8169,68.71199799,62.442303,62.498352,NA,79.603378,104.37432,92.993988,NA,NA,23.1,NA,48,3.8430525,NA,20.576,68.537,2.3857527,1.0696066,0.28817204,NA,0.77806452,0.91956989,0.73806452,1.524,NA,2.7227937,NA,NA,4,NA,Western Asia,Asia,0,79
73,IRQ,2006,Iraq,20.554679,97.622112,NA,NA,33.740345,0.95234424,5.8260329,NA,6.51E+10,10.158199,2351.8124,68.81900024,62.535787,62.636267,NA,NA,NA,NA,NA,NA,22.4,NA,48,2.4224777,3.9,17.5,68.217,2.1251448,1.0465203,0.28878193,NA,0.85153647,0.89929656,0.73343206,1.5917808,NA,NA,NA,NA,5,NA,Western Asia,Asia,0,79
74,ISR,2001,Israel,25.924214,100,NA,26.682153,89.739686,17.378624,1.471491,67.676915,1.31E+11,0.02529532,20299.138,91.26699829,0.0004202,0.00092835,NA,NA,106.00594,98.311073,92.454597,NA,3.5,6.1599998,9.6,7.2291749,2.3,11.81,79.407317,NA,NA,0.68640534,NA,0.81901585,0.2910759,0.16263553,1.765411,NA,NA,0.9030465,0.98444601,4,6,Western Asia,Asia,1,81
75,ITA,2005,Italy,50.098593,100,NA,20.752615,121.5811,35,2.0290047,64.867937,1.85E+12,0.94966626,31959.263,67.73799896,0.07673666,0.11700808,NA,99.030502,101.30086,99.304657,92.805862,NA,2.7,4,7.5,8.3612048,2.4,7.73,80.782927,2.7839196,1.961962,0.58498024,NA,0.73913043,0.34387352,0.26086957,1.7082896,NA,NA,0.72690836,0.79241365,5,10,Southern Europe,Europe,1,82
76,JOR,2001,Jordan,11.582049,98.836266,NA,NA,16.667565,4.7057196,1.9536299,61.858706,8.98E+09,5.2686166,1728.2605,80.08699799,0.00305952,0.07849937,NA,NA,NA,NA,NA,NA,16.5,NA,8.2,9.8840315,NA,14.7,71.907,2.6915423,1.0450082,0.21177433,NA,0.66802944,0.84791496,0.47097302,1.7234754,NA,2.8822948,0.32500239,0.38250725,4,-2,Western Asia,Asia,0,84
77,JOR,2007,Jordan,10.916818,98.8,17.7,NA,77.046566,20,2.531507,58.375325,1.71E+10,8.175719,2762.8064,81.70400238,0.00256058,0.59637232,92.199577,NA,NA,NA,NA,NA,13.9,1.8,6.8,8.3007732,NA,13.1,72.924,2.5054484,1.0525438,0.42583333,NA,0.74833333,0.845,0.63666667,1.6868178,NA,NA,0.35548304,0.38468711,5,-3,Western Asia,Asia,0,84
78,JPN,1981,Japan,16.490175,NA,NA,10.979773,0.01117959,NA,NA,NA,1.22E+12,4.2093365,10361.323,76.27300262,0.00515492,0.12218696,NA,102.17253,99.542953,99.542953,NA,NA,4.6,NA,NA,NA,NA,NA,76.41439,NA,NA,0.46760797,NA,0.410299,0.06229236,0.06146179,1.5850773,NA,NA,1.1311461,0.56399804,1,10,Eastern Asia,Asia,1,85
79,JPN,1990,Japan,15.614372,100,NA,12.947288,0.69716427,0.02029368,NA,NA,3.13E+12,4.8927131,25359.347,77.33899689,0.00158468,0.03394311,NA,102.2159,100.0196,99.81221,NA,1.7,2.5,NA,NA,NA,NA,NA,78.836829,2.3519126,3.0636574,0.64490603,NA,0.59545005,0.0702275,0.10089021,1.582876,NA,NA,1.1852465,0.647847,2,10,Eastern Asia,Asia,1,85
80,JPN,1995,Japan,14.928689,100,NA,10.95823,9.26773,1.5943631,1.6900479,63.191015,5.45E+12,2.7421403,43440.368,78.01599884,0.00077929,0.01434072,NA,NA,99.828102,99.759209,NA,NA,2.2,15.4,NA,NA,NA,3.1500001,79.536341,2.190091,3.0446985,0.60436433,NA,0.58254269,0.05787476,0.0626186,1.5767677,1.2154018,2.8967468,1.0153429,0.72467646,3,10,Eastern Asia,Asia,1,85
81,JPN,2000,Japan,14.42524,100,NA,10.372257,52.365964,29.99074,1.5359992,65.861581,4.89E+12,2.7796328,38532.041,78.64900208,0.001017,0.00954238,NA,98.526009,97.770927,97.770927,88.109596,1.2,1.8,14.7,36,7.150913,NA,4.73,81.076098,2.1393114,3.1198659,0.81791483,NA,0.71218796,0.06534508,0.04331865,1.569378,NA,2.9170259,1.3463797,0.81121069,4,10,Eastern Asia,Asia,1,85
82,JPN,2005,Japan,12.872428,100,NA,10.137011,75.180912,66.921066,1.1253636,68.964888,4.76E+12,1.6626704,37217.649,85.97799683,0.00183151,0.01219652,NA,99.182739,100.33301,99.73188,90.93512,NA,1.4,14.1,24,7.7806686,NA,4.4200001,81.925122,2.1625616,3.1872428,0.80018248,NA,0.74543796,0.05565693,0.05109489,1.6091618,NA,NA,1.3741591,0.78490014,5,10,Eastern Asia,Asia,1,85
83,KGZ,2003,Kyrgyz Republic,56.517205,99.600449,NA,NA,2.7588104,3.9087663,33.62217,37.75795,1.92E+09,7.0302961,380.50736,35.29299927,0.39978498,3.8263053,NA,90.673538,96.8284,93.302147,NA,NA,20.2,5.3000002,235,5.823849,3.9,9.9200001,68.256098,2.5250482,2.046332,0.54841802,NA,0.6548418,0.22627037,0.37392138,1.8333333,NA,2.2681018,0.69438668,0.42701158,4,-3,Central Asia,Asia,0,88
84,KOR,1982,"Korea, Rep.",23.253162,NA,NA,14.806907,0,NA,13.868966,43.951311,7.78E+10,8.2650213,1977.6416,60.06100082,0,0.63258239,NA,101.17638,105.09065,99.793762,NA,NA,15.1,NA,NA,NA,NA,NA,67.095122,NA,NA,0.45051546,NA,0.24948454,0.14226804,0.12886598,1.6198257,NA,NA,NA,NA,1,-5,Eastern Asia,Asia,0,92
85,KOR,1990,"Korea, Rep.",22.589674,NA,NA,13.612203,0.18639134,0.02326509,7.601955,46.858895,2.79E+11,9.8112297,6516.3058,73.84400177,0,0.0687974,NA,99.028839,105.33468,99.780418,NA,5.3,7.6,3.0999999,NA,NA,NA,NA,71.597561,2.0153226,2.324498,0.54356515,NA,0.55395683,0.18864908,0.18065548,1.6582587,NA,NA,NA,NA,2,6,Eastern Asia,Asia,1,92
86,KOR,1996,"Korea, Rep.",20.816919,100,NA,13.501453,6.9518629,1.6242372,4.9951698,50.450741,5.98E+11,7.5945091,13137.908,78.66200256,0,0.01860875,NA,NA,102.89029,98.228012,NA,NA,4.6,4.5999999,NA,NA,NA,2.05,74.15122,2.2074554,2.4469636,0.59727782,NA,0.4683747,0.16573259,0.14411529,1.6968725,NA,2.892133,NA,NA,3,6,Eastern Asia,Asia,1,92
87,KOR,2001,"Korea, Rep.",20.105437,100,NA,13.920039,60.875914,56.6,3.6911066,52.817021,5.33E+11,4.5253068,11252.908,79.94000244,0,0.0193382,NA,99.624763,99.211609,98.183739,NA,NA,3.2,6.0999999,84,4.5254319,NA,4,76.412195,2.4345288,2.4095079,0.77333333,NA,0.64666667,0.21166667,0.13166667,1.7266667,NA,2.9015595,1.0632618,0.50929571,4,8,Eastern Asia,Asia,1,92
88,KOR,2005,"Korea, Rep.",19.421786,100,NA,13.858021,78.717935,73.5,2.8403106,53.563258,8.98E+11,3.9236774,18639.522,81.34500122,0.00165192,0.01915931,NA,97.804672,101.07377,99.685158,82.621597,NA,2.4,NA,94,5.0823957,NA,3.73,78.168293,2.4236864,2.4762302,0.6725,NA,0.56,0.21166667,0.105,1.6984797,NA,NA,0.94820539,0.54107669,5,8,Eastern Asia,Asia,1,92
89,LTU,1997,Lithuania,54.514997,100,NA,6.2681238,4.6184758,0.97842216,9.4203673,51.266519,1.01E+10,8.2932287,2830.7375,67.16600037,0.10466612,0.98818064,NA,99.328972,101.02773,NA,NA,NA,5.6,10.19,NA,NA,NA,14.13,70.909024,2.9064386,2.470948,0.7185332,NA,0.54112983,0.22497522,0.22893954,1.7808359,1.5456432,2.6298137,0.99912826,0.47281889,3,10,Northern Europe,Europe,1,102
90,LVA,1996,Latvia,30.130555,100,NA,18.672602,1.1497383,0.81271707,6.8143298,55.41626,5.97E+09,2.3590192,2429.5911,68.65000153,0,2.5380553,NA,73.015297,89.538818,NA,NA,NA,10.6,10.44,NA,NA,2.9,20.93,68.776585,2.9699313,2.7813589,0.37833333,NA,0.725,0.13916667,0.19416667,1.7525862,1.6087704,2.487963,1.1820669,0.52137929,3,8,Northern Europe,Europe,1,104
91,MAR,2001,Morocco,68.048398,71.933922,NA,NA,16.351746,1.3714381,13.191962,50.708883,3.95E+10,7.3199675,1336.7754,53.66199875,0.00421069,0.67049979,NA,59.78904,96.991722,80.224716,NA,NA,26.6,NA,111,4.1298195,NA,12.46,69.209,3.0617284,1.0608,0.37969624,NA,0.73940847,0.87130296,0.54196643,1.774461,NA,2.4573269,NA,NA,4,-6,Northern Africa,Africa,0,105
92,MAR,2007,Morocco,67.129733,84.384605,13.1,23.905403,64.143266,21.5,10.863126,53.519837,7.90E+10,3.5315942,2494.3536,56.15299988,0.00940201,1.4651729,NA,82.93103,107.68398,89.620132,NA,NA,23.2,1.1,94,5.4229351,NA,9.5600004,72.58,2.8691006,1.1117598,0.54833333,NA,0.58583333,0.68166667,0.50916667,1.8700085,NA,NA,NA,NA,5,-6,Northern Africa,Africa,0,105
93,MDA,1996,Moldova,77.619192,96.985489,NA,12.089617,0.02132246,0.0046439,27.484097,37.504693,1.70E+09,-5.8770602,462.17201,46.20000076,0,0.2671222,NA,NA,94.431839,NA,NA,NA,23.2,12.13,NA,NA,NA,10.861,66.761,2.9249218,2.1229508,0.35873984,NA,0.63414634,0.2804878,0.39430894,1.7778926,1.5545267,2.4597574,0.81065656,0.44456575,3,7,Eastern Europe,Europe,1,106
94,MDA,2002,Moldova,77.068127,99,NA,12.881354,8.0980631,3.7872428,21.021829,47.935977,1.66E+09,7.7999998,458.67782,45.60499954,0,0.20658387,NA,97.141701,99.478889,95.963928,NA,NA,17.2,NA,104,7.1020531,2.8,6.8000002,67.362,2.7367347,1.9360825,0.55952381,NA,0.77678571,0.41865079,0.41071429,1.8536082,NA,2.5879459,0.90504856,0.42628098,4,8,Eastern Europe,Europe,1,106
95,MDA,2006,Moldova,75.494071,99.409637,NA,19.571051,32.768166,19.620648,14.498757,52.648601,3.41E+09,4.7999999,950.6482,45.20899963,0.03230634,0.20786078,NA,98.030258,96.652672,90.634483,97.016777,NA,13.3,6.3,138,10.544425,2.8,7.3800001,68.022,2.9750719,2.0181992,0.44933078,NA,0.66539197,0.41586998,0.16826004,1.8213592,NA,NA,0.79476022,0.47753967,5,9,Eastern Europe,Europe,1,106
96,MEX,1981,Mexico,50.520847,NA,NA,11.131059,0,NA,8.2961156,53.545699,2.50E+11,8.7726006,3522.6638,66.87000275,6.9620462,7.563973,NA,84.406052,116.38077,NA,NA,NA,30,NA,NA,NA,NA,NA,67.04,NA,NA,0.15405553,NA,0.39466522,0.35383778,0.43930321,1.8250564,NA,NA,0.53484842,0.52676109,1,-3,Central America,Americas,0,109
97,MEX,1990,Mexico,54.091412,94.264572,23.1,11.782682,0.07489174,0,7.1805455,58.314137,2.63E+11,5.0683063,3077.7471,71.41899872,5.9693709,6.9846385,87.556152,86.619766,110.66496,96.983063,NA,5.5,22.3,1,NA,NA,NA,NA,70.836,2.6729475,2.0106171,0.47289353,NA,0.64337035,0.40300457,0.45068583,1.6654624,NA,NA,0.67378121,0.73843987,2,0,Central America,Americas,0,109
98,MEX,1995,Mexico,54.628463,95.785553,21.5,8.4796246,0.73210565,0.10256419,4.4248707,58.733122,3.60E+11,-6.2912308,3828.717,73.36799622,2.6453706,3.1046974,NA,93.204269,109.31418,96.422157,NA,NA,17.9,1.2,NA,NA,NA,6.8899999,72.796,2.4601665,1.8510638,0.47540984,NA,0.56557377,0.40046838,0.5058548,1.6350185,1.4649351,2.5084034,0.71055393,0.66716353,3,4,Central America,Americas,0,109
99,MEX,1996,Mexico,54.687621,96.093624,NA,8.7429817,1.0679561,0.20040628,4.8684672,57.180058,4.11E+11,6.7732587,4294.979,73.66999817,3.2398761,3.5944092,NA,94.892448,108.80153,96.16098,NA,NA,17,1.2,NA,NA,1.6,5.25,73.158,2.5584065,1.7733065,0.39801325,NA,0.57284768,0.43576159,0.4986755,1.7190141,1.5354839,2.5791567,0.66221449,0.69964632,3,4,Central America,Americas,0,109
100,MEX,2000,Mexico,54.697909,98.007132,19.9,9.5728614,13.839879,5.0813842,3.3230863,57.802339,7.08E+11,4.9424537,6959.3887,74.72200012,3.0597503,3.2865876,90.535622,95.464111,107.17324,99.351501,NA,3.5,12.9,1.1,23,4.8563505,1.4,2.5599999,74.364,2.5891678,1.4898494,0.44429967,NA,0.71791531,0.51986971,0.58566775,1.7815631,NA,2.5594059,0.45206679,0.83153428,4,8,Central America,Americas,1,109
101,MEX,2005,Mexico,54.821369,98.932728,14.4,NA,43.447753,17.21,3.0732042,60.005673,8.78E+11,2.3078071,8089.409,76.30799866,5.1747255,5.6950123,91.630272,98.837151,104.64657,97.643646,96.903008,NA,8.9,NA,21,5.921606,1.6,3.5599999,75.347,2.5693717,1.5931657,0.40833333,NA,0.78076923,0.38846154,0.58269231,1.8443152,NA,NA,0.49994378,0.8985285,5,8,Central America,Americas,1,109
102,MKD,1998,"Macedonia, FYR",50.766811,96.906166,NA,NA,1.4953354,1.0028617,11.424918,45.665252,3.57E+09,3.3787356,1774.822,58.96500015,0,0.35382093,NA,100.07119,98.92128,91.520668,NA,NA,10.2,5.1500001,NA,NA,NA,34.5,72.795,2.8980229,2.1184486,0.61909548,NA,0.70552764,0.22311558,0.1839196,1.9179431,1.3,2.5804878,0.76757536,0.37788295,3,6,Southern Europe,Europe,1,111
103,MKD,2001,"Macedonia, FYR",48.839953,97.61145,NA,NA,10.929626,3.4681846,9.7447235,54.370763,3.71E+09,-3.0672457,1815.9201,58.3390007,0,0.7214639,NA,94.850403,95.571564,94.862862,NA,NA,8.7,4.9299998,40,3.6862682,NA,30.52,73.47,2.7667946,1.8051823,0.58767773,NA,0.75165877,0.26824645,0.11279621,1.8628795,NA,2.5770065,0.69752199,0.56427878,4,6,Southern Europe,Europe,1,111
104,MLI,2007,Mali,33.271048,20.725142,65.9,13.055971,18.50661,0.81,31.352875,35.950103,8.15E+09,3.4936168,595.63683,33.61199951,0,10.169708,NA,50.17939,79.137749,59.998459,NA,NA,43.7,NA,66,5.2487246,NA,11.71,53.553,2.4466572,1.1115564,0.42372881,NA,0.59908735,0.5958279,0.52281617,1.8250192,NA,NA,0.37451135,0.71224859,5,7,Western Africa,Africa,1,112
105,MYS,2006,Malaysia,21.645716,98.241669,NA,14.516221,74.449377,51.637989,8.6099796,43.926352,1.63E+11,5.5848471,6222.983,67.48300171,6.6913369,12.269558,NA,100.03707,98.866333,95.576881,NA,NA,4.3,1.9,71,3.2673406,NA,3.3299999,73.577,2.5758333,1.2416667,0.7868443,NA,0.73688593,0.59616986,0.25895087,1.9117402,NA,NA,0.45171688,0.52465984,5,3,South-Eastern Asia,Asia,0,120
106,NGA,1990,Nigeria,67.619706,27.3,77.3,NA,0,0,29.957212,78.255173,3.08E+10,12.766009,322.84118,29.68000031,45.073923,50.371481,NA,NA,86.440498,NA,NA,42.3,51.7,1.6682,NA,NA,NA,NA,45.898,2.7336788,1.2281407,0.16383616,NA,0.75024975,0.73826174,0.70729271,1.7679144,NA,NA,0.57369967,0.51550606,2,-5,Western Africa,Africa,0,123
107,NGA,1995,Nigeria,75.101288,37.769924,73.5,NA,0.01203576,NA,30.858207,58.447732,2.86E+10,-0.30746897,264.29563,32.20500183,27.323245,35.54149,NA,NA,89.242592,NA,NA,NA,52.3,NA,NA,NA,NA,4.421,45.852,2.5841889,1.1050251,0.19639279,NA,0.63727455,0.71943888,0.70691383,1.8271205,1.2783826,2.7658228,0.48161484,0.43463898,3,-6,Western Africa,Africa,0,123
108,NGA,2000,Nigeria,78.285407,42.737614,69.6,NA,0.02451942,0.06408081,25.28781,66.763326,4.64E+10,5.3180934,379.11933,34.84000015,33.959466,37.749106,NA,82.128448,98.637642,66.145081,NA,34.7,49.3,1.2,219,2.6376687,NA,4.3959999,46.266,2.4068897,1.0827142,0.25964392,NA,0.59099901,0.67705242,0.72502473,1.7441279,NA,2.5377981,0.47004514,0.52444049,4,4,Western Africa,Africa,1,123
109,NLD,2006,Netherlands,56.86019,100,NA,21.775447,105.20539,83.7,1.8822124,65.718079,7.27E+11,3.518637,44453.971,83.63600159,0.05155513,0.78865946,NA,NA,107.04435,98.679329,86.368462,NA,3.3,NA,7,9.1821167,3.5,3.9000001,79.697561,2.6647343,2.9235353,0.6447619,NA,0.85904762,0.10095238,0.41333333,1.5552209,NA,NA,0.91529119,1.1748595,5,10,Western Europe,Europe,1,125
110,NOR,1996,Norway,3.0992895,100,NA,24.447664,28.713521,18.250311,2.2271696,53.563007,1.64E+11,5.0279954,37321.443,74.03900146,6.6841137,7.3110065,NA,NA,98.559486,98.264809,NA,NA,2.9,4,NA,NA,NA,5.04,78.150488,2.5909494,2.7042629,0.88553682,NA,0.6592724,0.11712511,0.25909494,1.3470483,1.2767296,2.909009,1.0464,1.2378901,3,10,Northern Europe,Europe,1,126
111,NOR,2007,Norway,2.8255007,100,NA,28.11028,106.73783,86.93,1.2394163,50.332536,4.01E+11,2.9850548,85170.862,78.23400116,8.2429986,10.043883,NA,97.810463,99.075821,99.075821,88.48024,NA,2.1,3.9,6.9,8.0519231,3.7,2.49,80.395122,2.3814634,2.8263415,0.8995122,NA,0.91414634,0.08585366,0.28682927,1.2583497,NA,NA,1.1038727,1.5446646,5,10,Northern Europe,Europe,1,126
112,NZL,1998,New Zealand,56.598686,100,NA,NA,20.877522,31.636261,7.0141444,63.265841,5.62E+10,1.0661121,14738.584,85.5490036,0.16037118,1.0911271,NA,NA,101.8014,99.546623,NA,NA,3.5,6.1999998,NA,NA,NA,7.7199998,78.085366,2.6079295,2.7155399,0.53705246,NA,0.77935054,0.15736886,0.21898418,1.5094664,1.3843248,2.823402,0.77852448,1.2804044,3,10,Australia and New Zealand,Oceania,1,128
113,NZL,2004,New Zealand,45.1559,100,NA,29.258121,74.183213,61.847628,6.3574839,63.891225,1.04E+11,3.2696301,25420.07,86.02600098,0.15928026,0.87392187,NA,NA,98.533417,98.343651,NA,NA,3.2,NA,10,7.9009569,NA,4.0100002,79.54878,2.6454446,2.8054645,0.53249476,NA,0.82494759,0.14570231,0.2442348,1.4883978,NA,NA,0.74300334,1.3970937,5,10,Australia and New Zealand,Oceania,1,128
114,PAK,1997,Pakistan,47.567715,70.813477,NA,12.742473,0.10460156,0.02754924,24.484251,45.650971,6.24E+10,1.014396,483.65294,32.34799957,0.49358414,1.0725225,NA,NA,NA,NA,NA,NA,64.1,NA,NA,NA,NA,5.8099999,61.961,3.3248945,1.2810368,0.21555252,NA,0.53751705,0.80900409,0.33015007,1.8115543,NA,NA,NA,NA,3,7,Southern Asia,Asia,1,130
115,PAK,2001,Pakistan,47.960772,77.7,NA,10.042607,0.52443394,1.3185508,22.454383,48.354903,7.23E+10,1.982484,510.65682,33.44599915,0.62902688,1.6654243,NA,NA,74.61586,NA,NA,NA,58.8,NA,275,2.865093,4.1,7.8200002,62.967,3.2532367,1.2381191,0.1265,NA,0.53,0.8625,0.444,1.6916758,NA,2.4102564,0.23541168,0.38942088,4,-6,Southern Asia,Asia,0,130
116,PER,1996,Peru,17.282812,67,NA,14.199814,0.82227156,0.24623258,8.5040485,53.080985,5.53E+10,2.7989731,2260.6377,71.3769989,0.94322747,1.6735722,NA,NA,119.18434,88.042236,NA,NA,20.9,1.47,NA,NA,NA,4.697,68.533,2.7156605,1.6288396,0.20809249,NA,0.6300578,0.51610239,0.50123865,1.9498299,1.5496922,2.5746908,0.50570543,0.60669616,3,1,South America,Americas,0,132
117,PER,2001,Peru,18.052344,72.113111,NA,12.897106,6.8286022,7.578763,7.8936267,54.51577,5.20E+10,0.61789233,1981.2437,73.44799805,0.86727502,1.2133096,NA,96.850899,120.89458,99.745323,92.138359,NA,15.1,NA,177,4.7732116,1.1,6.4429998,70.964,2.5436242,1.6544363,0.38574284,NA,0.72618254,0.55562958,0.61025983,1.8932886,NA,2.510745,0.45378125,0.60051385,4,9,South America,Americas,1,132
118,PER,2006,Peru,18.290625,80.157275,NA,15.669988,32.629761,20.7,6.6034843,47.417069,8.86E+10,7.528899,3171.4981,75.42099762,1.9763883,13.03994,88.699341,103.61074,116.80154,98.92247,90.744141,NA,11.9,NA,153,4.5069895,1.2,4.2600002,72.764,2.9103261,1.7834566,0.27266667,NA,0.662,0.45266667,0.54133333,1.9358108,NA,NA,NA,NA,5,9,South America,Americas,1,132
119,PHL,1996,Philippines,37.243854,69.081146,NA,16.938638,1.3423041,0.05594603,20.617821,47.296266,8.29E+10,5.8458735,1159.5893,48.22999954,0.00537722,0.8841856,NA,NA,108.58115,95.681618,NA,NA,17.3,NA,NA,NA,NA,3.7939999,66.471,2.5584525,1.2378965,0.51083333,NA,0.47583333,0.62666667,0.4425,1.9445844,1.5382675,2.5110733,0.44860619,0.56815631,3,8,South-Eastern Asia,Asia,1,133
120,PHL,2001,Philippines,37.508804,74.50589,NA,12.693191,15.262807,2.5240057,13.202272,52.298413,7.63E+10,2.8939871,957.28075,47.68399811,0.0150441,0.51680908,NA,100.3428,108.6725,89.622147,90.276314,NA,16.7,1,579,2.9470575,NA,3.7,67.308,2.3700919,1.17,0.68166667,NA,0.60166667,0.59583333,0.44,1.9139241,NA,2.4490662,0.36929954,0.54017034,4,8,South-Eastern Asia,Asia,1,133
121,POL,1989,Poland,61.402592,NA,NA,NA,0,NA,NA,NA,NA,NA,NA,61.22499847,NA,NA,NA,100.91916,100.50583,NA,NA,NA,11.6,NA,NA,NA,NA,NA,71.043902,2.6418764,1.6144781,NA,NA,NA,NA,NA,1.6549296,NA,NA,NA,NA,2,5,Eastern Europe,Europe,1,136
122,POL,1997,Poland,60.259884,100,NA,20.936383,2.1074903,2.0734655,4.4628638,52.224724,1.59E+11,6.4595498,4116.9262,61.58300018,0.01071578,0.81991469,NA,99.147278,99.287071,NA,NA,NA,7.8,5.4000001,NA,NA,NA,10.96,72.646341,2.9335695,1.7274321,0.3217693,NA,0.81526453,NA,0.48655681,1.8209366,1.2296073,2.053719,NA,NA,3,9,Eastern Europe,Europe,1,136
123,POL,2005,Poland,51.924395,100,NA,16.51704,76.028061,38.81,2.897923,56.149113,3.06E+11,3.4936585,8021.0037,61.45199966,0.06029768,1.3705694,NA,94.632698,94.540802,93.215714,93.119743,NA,4.6,5.2,25,5.8072718,3.1,17.75,74.995122,2.9166667,1.6902834,0.415,NA,0.843,0.461,0.486,1.8052356,NA,NA,0.54046794,0.6461979,5,10,Eastern Europe,Europe,1,136
124,RUS,1990,Russian Federation,NA,100,NA,NA,0,0,15.461037,32.612077,5.17E+11,-2.9999956,3485.1123,73.39399719,9.7755642,14.191262,NA,NA,107.9247,NA,NA,5.1,11,13.0553,NA,NA,NA,NA,68.886098,2.7144385,2.8844687,0.29168791,NA,0.70168281,0.08006119,0.25854156,1.6254125,NA,NA,1.0116116,0.43371511,2,NA,Eastern Europe,Europe,0,141
125,RUS,1995,Russian Federation,13.21254,100,NA,NA,0.05969836,0.14815104,6.6923346,52.229611,3.96E+11,-4.1435284,2665.7397,73.37200165,4.1008931,7.9257309,NA,92.087967,107.81128,93.251472,NA,NA,11,11.87,NA,NA,NA,9.6599998,64.690732,2.9307958,2.6775984,0.27794118,NA,0.69460784,0.09411765,0.34019608,1.7606061,1.5483029,2.1300058,0.95569796,0.48588135,3,3,Eastern Europe,Europe,0,141
126,RUS,2006,Russian Federation,13.157371,100,NA,16.568216,105.12902,18.023277,3.8613125,49.721476,9.90E+11,8.153432,6920.1944,73.50800323,12.754435,19.479544,NA,NA,95.048759,92.823112,NA,NA,6,9.7,88,5.1038782,2.3,7.1599998,66.727561,2.8091139,2.581095,0.42646335,NA,0.6758485,0.10477127,0.36596163,1.7326681,NA,NA,0.81040949,0.49343287,5,6,Eastern Europe,Europe,0,141
127,RWA,2007,Rwanda,73.160924,11.20083,68.3,NA,6.7228747,2.1153872,31.283225,48.086006,3.83E+09,7.633287,404.85079,21.08499908,0,6.5099757,NA,NA,148.12419,NA,94.45459,NA,27.4,1.6,98,8.678315,NA,2.2219999,58.971,2.2387597,1.6535904,0.25613802,NA,0.63769078,0.37624419,0.78832117,1.9513009,NA,NA,0.36530172,0.38084514,5,-3,Eastern Africa,Africa,0,142
128,SAU,2003,Saudi Arabia,80.847936,NA,NA,NA,32.089411,8.0015829,4.504505,40.876876,2.16E+11,11.242061,9567.4583,80.52999878,34.282281,34.709399,NA,NA,NA,NA,NA,NA,10.4,NA,17,4.0019984,NA,5.5599999,72.948,2.3488534,1.1362725,0.69973369,NA,0.56391478,0.7057257,0.66644474,1.4696017,NA,2.6440816,NA,NA,4,-10,Western Asia,Asia,0,143
129,SGP,2002,Singapore,1.7777778,100,NA,12.77107,80.194461,47,0.07131147,64.062786,9.19E+10,4.2116866,22016.833,100,0,0.0004368,NA,NA,NA,NA,NA,NA,1.4,NA,42,3.3802512,NA,5.6500001,78.55122,2.5994677,1.6348575,0.7228836,NA,0.68981481,0.4728836,0.4702381,1.8529412,NA,NA,0.54130012,0.53665318,4,-2,South-Eastern Asia,Asia,0,146
130,SLV,1999,El Salvador,71.476834,79.129592,NA,10.431757,8.7785165,0.84542874,7.9337316,57.883786,1.13E+10,2.1605167,1937.139,58.35699844,0,0.50191106,NA,NA,113.06628,NA,NA,NA,15.2,NA,NA,NA,0.5,6.6799998,68.541,2.838223,1.2003205,0.35645933,NA,0.5877193,0.66985646,0.62360447,1.853719,NA,3,NA,NA,3,7,Central America,Americas,1,149
131,SVK,1998,Slovak Republic,50.790021,100,NA,20.108856,8.6254326,2.6898098,4.6887958,53.889062,2.98E+10,4.0118137,5533.5888,56.35499954,0.00245121,0.31826923,NA,98.030571,101.18277,NA,NA,NA,5.7,8,NA,NA,NA,12.19,72.55122,2.9331476,2.4003742,0.22374429,NA,0.57077626,0.28219178,0.26849315,1.7296261,1.2270577,2.679602,0.89101521,0.64924701,3,9,Eastern Europe,Europe,1,154
132,SVN,1995,Slovenia,26.713009,100,NA,19.497763,1.3708955,2.8989856,3.6807011,52.366391,2.13E+10,NA,10690.665,50.61600113,0.00047776,0.19346807,NA,93.846321,96.502876,92.867867,NA,NA,4.1,5.75,NA,NA,NA,7.1500001,73.958537,3.1996008,2.6218656,0.71300894,NA,0.71996028,0.19165839,0.28202582,1.8446014,1.4396186,2.4421169,1.0064654,0.74395595,3,10,Southern Europe,Europe,1,155
133,SVN,2005,Slovenia,25.273088,100,NA,21.067201,88.125469,46.81,2.2850511,55.638158,3.64E+10,4.0030074,18169.181,50.50099945,0.00015849,0.18880357,NA,NA,100.12898,98.687447,90.028198,NA,2.5,4.8,15,7.9650421,4,6.5100002,77.612195,3.1883495,2.6783969,0.83220829,NA,0.75024108,0.16297011,0.31340405,1.8188188,NA,NA,0.9940944,0.93165651,5,10,Southern Europe,Europe,1,155
134,SWE,1996,Sweden,8.0348004,100,NA,27.453423,28.128979,9.0435998,2.1951062,59.038625,2.88E+11,1.5178612,32587.264,83.91400146,0,0.3189079,NA,NA,104.38481,99.803452,NA,NA,2.6,4.4000001,NA,NA,NA,9.5500002,78.959024,2.5332671,2.8828829,0.60654113,NA,0.90386521,0.04757185,0.15857284,1.4033438,1.5306346,3.084728,1.1847647,1.4475382,3,10,Northern Europe,Europe,1,156
135,SWE,2006,Sweden,7.7082419,100,NA,28.49235,105.61479,87.76,1.1928698,60.351182,4.20E+11,4.6881272,46256.472,84.43000031,0,0.57678357,NA,95.601189,95.648087,95.078796,93.693802,NA,1.8,NA,6.2,8.1610645,3.6,7.0500002,80.74878,2.2941176,2.9128257,0.78265204,NA,0.93619143,0.05782652,0.16151545,1.3198339,NA,NA,1.3177246,1.6540254,5,10,Northern Europe,Europe,1,156
136,THA,2007,Thailand,38.755897,94.422844,26.5,15.143147,80.02644,20.03,9.3506092,51.10323,2.63E+11,5.4350926,3972.2065,40.10400009,1.3091721,2.4471647,NA,NA,101.34082,98.461243,NA,NA,10,NA,205,3.397322,2.7,1.1799999,72.915,1.9954098,1.4986894,0.48174707,NA,0.57953064,0.2946545,0.53780965,1.584918,NA,NA,0.39766255,0.48404139,5,-1,South-Eastern Asia,Asia,0,162
137,TTO,2006,Trinidad and Tobago,10.526316,96.190331,NA,30.257588,116.5489,30.003749,0.56687699,43.127929,1.84E+10,13.208058,14095.963,9.734999657,11.566567,21.436304,NA,NA,NA,NA,NA,NA,16.8,2.7,20,4.214148,NA,6.27,69.06,2.8879919,1.3343343,0.55189621,NA,0.82035928,0.67265469,0.72055888,1.962,NA,NA,0.33495089,0.54779682,5,10,Caribbean,Americas,1,166
138,TUR,1990,Turkey,51.553344,88.781136,23.4,11.558331,0.05899109,0,17.476229,48.054344,1.51E+11,9.2661467,2794.3536,59.20299911,0.25151952,0.59228033,79.232452,94.872307,106.02835,96.021339,NA,9.1,32.7,2.4000001,NA,NA,NA,NA,64.256,2.9970238,1.5982318,0.19223301,NA,0.69126214,0.44174757,0.31359223,1.9001976,NA,NA,0.75653012,0.56711683,2,9,Western Asia,Asia,1,168
139,TUR,1996,Turkey,51.146655,92.523079,NA,15.199521,1.3569429,0.19272494,16.854556,49.422977,1.82E+11,7.3796645,3053.9508,62.65299988,0.13054673,0.34988239,NA,NA,NA,NA,NA,NA,23.7,2.5,NA,NA,NA,6.6300001,67.57,2.4664554,1.3609654,0.21394861,NA,0.61300472,0.42108023,0.318301,1.9450317,1.2375271,2.8392205,NA,NA,3,8,Western Asia,Asia,1,168
140,TUR,2001,Turkey,53.230773,95.260521,NA,NA,30.491428,5.1894815,8.8538311,54.732438,2.00E+11,-5.9623107,3119.6032,65.33200073,0.10355348,0.29676504,NA,NA,105.70034,96.39444,86.170914,NA,17.9,2.5999999,31,4.9244433,NA,8.3800001,70.571,2.7807487,1.3522828,0.1725963,NA,0.63981182,0.41252573,0.37606586,1.807049,NA,2.7004593,NA,NA,4,7,Western Asia,Asia,1,168
141,TUR,2007,Turkey,51.32986,98.269852,14.1,NA,89.049179,28.63,7.518461,54.64392,6.76E+11,5.0304578,9709.72,68.97499847,0.0883619,0.42492435,88.655899,97.337227,102.89519,98.511467,NA,NA,11.9,2.8,31,5.2807571,2.1,8.8699999,73.219,2.8076063,1.3630952,0.39970282,NA,0.69242199,0.41753343,0.45245171,1.9522031,NA,NA,0.48700143,0.47369527,5,7,Western Asia,Asia,1,168
142,TZA,2001,Tanzania,38.496275,10.24379,NA,NA,0.78469075,0.17130035,30.656802,44.613624,1.04E+10,5.9978289,304.33928,22.67399979,0,4.3953162,NA,54.946831,73.32872,57.052078,NA,NA,32.6,NA,506,NA,NA,5.0999999,52.281,2.0119048,1.2037383,0.41929974,NA,0.83603757,0.75149445,0.76088813,1.9190647,NA,3.0633363,0.7243158,0.40290163,4,-1,Eastern Africa,Africa,0,169
143,UGA,2001,Uganda,63.119964,8.6,NA,NA,1.140701,0.23794509,27.850241,44.779665,5.84E+09,5.1836611,234.98408,12.16699982,0,12.414496,NA,59.815899,131.75497,NA,NA,NA,33.3,NA,266,8.6076896,NA,3.2650001,48.12,2.3487903,1.3516484,0.31936128,NA,0.56586826,0.66766467,0.69461078,1.9218437,NA,2.92713,0.39162636,0.51015654,4,-4,Eastern Africa,Africa,0,170
144,UKR,1996,Ukraine,72.218866,98.982971,NA,NA,0.0593091,0.09858038,12.229051,42.422011,4.46E+10,-10,872.70917,66.98999786,0.4682049,2.3327071,NA,NA,NA,NA,NA,NA,12.4,10.84,NA,NA,2.8,7.6500001,66.887805,2.917075,2.4536243,0.33653504,NA,0.61188189,0.20419779,0.38242618,1.6902757,1.4794681,2.3992986,0.99519648,0.44762225,3,7,Eastern Europe,Europe,1,171
145,UKR,2006,Ukraine,71.25794,99.630371,NA,17.747545,105.27679,4.5061246,7.5634978,48.094562,1.08E+11,7.3,2303.0188,67.96900177,0.8558103,6.6519315,NA,104.31594,100.05814,88.781174,NA,NA,8.4,8.7,125,6.1808045,3.7,6.8099999,68.077561,2.814664,2.430945,0.295,NA,0.567,0.151,0.49,1.7171717,NA,NA,0.72210736,0.53417514,5,7,Eastern Europe,Europe,1,171
146,URY,1996,Uruguay,85.367387,97.487206,NA,17.351102,2.4199554,1.8474721,8.0160582,63.438446,2.05E+10,5.5779578,6316.2937,90.83499908,0,0.38145108,96.781807,94.403008,108.13822,92.047974,NA,NA,9.7,4.3899999,NA,NA,NA,11.93,73.854,2.794898,2.4614604,0.523,NA,0.711,0.178,0.283,1.7835897,1.6507431,2.8599349,0.74854199,0.86453792,3,10,South America,Americas,1,172
147,URY,2006,Uruguay,83.961833,98.505426,NA,18.988056,69.948392,29.4,8.9138452,56.79312,1.96E+10,4.0985774,5877.8761,93.5530014,0,1.0973257,97.789627,99.543404,115.30109,99.947319,94.256752,NA,6.8,2.9,19,8.9484644,1.9,10.56,75.961,2.9070707,2.5727273,0.492,NA,0.817,0.182,0.385,1.7156069,NA,NA,0.6558748,1.0142045,5,10,South America,Americas,1,172
148,USA,1995,United States,45.871911,100,NA,10.946156,12.717687,9.2370883,NA,NA,7.66E+12,2.7189758,28782.175,77.25700378,0.3259684,0.8513425,NA,NA,103.87694,97.037849,NA,NA,5,4.0999999,NA,NA,NA,5.5999999,75.621951,2.3145108,1.6316819,0.44033722,NA,0.74902724,0.55058366,0.36835279,1.6406353,1.5139741,2.8445378,0.62152019,1.1109105,3,10,Northern America,Americas,1,173
149,USA,1999,United States,45.189301,100,NA,12.222606,30.856451,35.848724,1.1508052,73.008305,9.66E+12,4.6851996,34620.929,78.74199677,0.17691789,0.66169612,NA,NA,101.71715,95.766541,NA,NA,4.7,3.5999999,NA,NA,NA,4.2199998,76.582927,2.3508772,1.6279264,0.62,NA,0.7975,0.53416667,0.3225,1.6372054,NA,2.8643478,0.68362105,1.1682735,4,10,Northern America,Americas,1,173
150,USA,2006,United States,44.664743,100,NA,11.274557,77.091642,68.931193,1.0219185,74.004382,1.39E+13,2.6666258,46437.067,80.09899902,0.32164249,1.2831889,NA,NA,99.752182,94.503403,NA,NA,4.4,3.1,5.3,14.660634,NA,4.6199999,77.687805,2.4284559,1.8870056,0.53082466,NA,0.79023219,0.5060048,0.28742994,1.6043513,NA,NA,0.73273299,1.0278054,5,10,Northern America,Americas,1,173
151,VEN,1996,"Venezuela, RB",24.524687,98.205612,NA,NA,2.5682004,0.24826058,4.2261751,43.629094,6.83E+10,-0.19783726,3013.8418,86.60500336,18.184784,19.022314,NA,80.33007,98.694077,NA,NA,NA,13.3,1.47,NA,NA,NA,11.77,71.176,3.1171019,1.5914787,0.23166667,NA,0.57333333,0.43,0.5,1.862543,1.5232143,2.278503,0.42624918,0.64143849,3,8,South America,Americas,1,176
152,VEN,2000,"Venezuela, RB",24.528088,98.485687,NA,NA,22.243941,3.3595975,3.9329857,43.081849,1.17E+11,3.6869442,4783.5306,87.98000336,17.73548,18.388015,NA,81.921204,99.293121,87.485771,NA,3.7,12,NA,33,4.3963211,NA,13.23,72.281,2.8971572,1.5396825,0.44583333,NA,0.79583333,0.44666667,0.51416667,1.8407376,NA,2.7984694,0.43641446,0.69207058,4,7,South America,Americas,1,176
153,VNM,2001,Vietnam,30.48314,87.361885,NA,18.718873,1.5420215,1.2656512,23.241048,38.629531,3.27E+10,6.1928933,402.82513,24.93700027,5.4367962,7.0887705,NA,104.43159,105.80821,96.067383,NA,NA,14.6,2.4000001,192,5.1971985,NA,2.76,73.487,1.8484536,2.7417355,0.564,NA,0.679,0.082,0.563,1.5887354,NA,2.7909887,0.39566895,0.61030986,4,-7,South-Eastern Asia,Asia,0,177
154,VNM,2006,Vietnam,32.502338,96,NA,22.187713,22.201733,17.254562,18.726785,42.688484,6.64E+10,6.9779548,779.97489,27.88800049,8.061448,10.626719,NA,96.778519,97.457588,91.75573,NA,NA,12.8,2.66,172,5.2788403,2.9,2.4489999,74.438,2.0952707,2.797023,0.59331104,NA,0.50367893,0.06086957,0.31973244,1.4787671,NA,NA,0.33672109,0.44363857,5,-7,South-Eastern Asia,Asia,0,177
155,ZAF,1982,South Africa,77.515271,NA,NA,19.857198,0,NA,5.2599439,46.533886,8.27E+10,-0.38339077,2639.5218,48.75600052,0,11.144519,NA,NA,77.855133,NA,NA,NA,24.3,NA,NA,NA,NA,NA,58.287,NA,NA,0.20488722,NA,0.50689223,0.35213033,0.36152882,1.7096999,NA,NA,0.76533685,0.61440474,1,4,Southern Africa,Africa,0,181
156,ZAF,1990,South Africa,78.807013,59.33794,46.2,23.111941,0.01512226,0,4.207097,50.467102,1.16E+11,-0.31778568,3076.4554,52.03699875,0,5.7790052,NA,NA,103.2542,NA,NA,10.5,19.8,NA,NA,NA,NA,NA,62.062,2.3469545,1.5397536,0.20065789,NA,0.58552632,0.50840643,0.38559942,1.7085582,NA,NA,0.61569085,0.67188827,2,5,Southern Africa,Africa,0,181
157,ZAF,1996,South Africa,80.694755,57.6,NA,23.2065,2.2215219,0.84188293,3.8600024,57.059994,1.48E+11,4.3067279,3440.8642,54.96699905,0,4.0174722,82.4021,NA,NA,NA,NA,NA,17.3,NA,NA,NA,1,21,60.49,2.6381186,1.4058219,0.31993186,NA,0.67938671,0.63543441,0.49914821,1.8414763,1.2841108,2.664557,0.48469559,0.6522871,3,9,Southern Africa,Africa,0,181
158,ZAF,2001,South Africa,80.796149,70.2,NA,24.185581,23.25536,6.3466193,3.2163832,58.458893,1.22E+11,2.7354953,2621.5544,57.36800003,0.04598399,4.4673922,NA,NA,103.53207,92.245193,NA,NA,14.9,NA,666,7.4510867,NA,25.370001,55.273,2.8005427,1.3820975,0.58366667,NA,0.73566667,0.65466667,0.554,1.8690798,NA,2.6126374,0.53031393,0.66143718,4,9,Southern Africa,Africa,0,181
159,ZAF,2006,South Africa,79.868765,80.7,NA,27.269871,80.345054,7.6071397,2.3314124,60.713227,2.72E+11,5.6036648,5506.1965,60.07699966,0.07998775,5.6434531,NA,NA,101.80432,NA,96.500038,NA,13.6,NA,963,6.5870623,NA,22.620001,52.614,2.5522034,1.4074572,0.5957162,NA,0.77342704,0.55153949,0.46251673,NA,NA,NA,NA,NA,5,9,Southern Africa,Africa,0,181
160,ZMB,2007,Zambia,30.917822,18.5,57.3,13.867105,20.73732,4.87,12.105596,47.45468,1.41E+10,8.3524362,1104.588,37.45199966,0,22.067717,61.428291,85.188713,111.73825,89.595772,NA,NA,28.6,NA,554,4.7917818,NA,9.1789999,52.313,2.422545,1.2952837,0.54733333,NA,0.57866667,0.60933333,0.678,1.8845331,NA,NA,0.68355497,0.47315574,5,5,Eastern Africa,Africa,0,182
161,ZWE,2001,Zimbabwe,39.395114,33.830868,NA,NA,2.5392027,0.79984605,15.627071,74.666122,6.78E+09,1.4396151,548.05873,34.16999817,0,3.7793252,NA,92.612411,105.66101,89.045052,NA,NA,26.9,NA,617,NA,NA,5.369,44.326,2.7206646,1.3196803,0.27245509,NA,0.76746507,0.73652695,0.66966068,1.8882114,NA,2.7694175,0.5406916,0.46065918,4,-4,Eastern Africa,Africa,0,183